name,subname,country,county,city,commune,address,directions,phone,email,email2,website_url,cif,iban,siruta_code,is_active
"DIRECȚIA GENERALĂ DE IMPOZITE ȘI TAXE LOCALE A SECTORULUI 1, CONSILIUL LOCAL SECTOR 1",,Romania,București,Sector 1,,Str. Piața Amzei nr. 13,,Tel: /fax 021.311.91.08 / 021.312.72.4,secretariat_pj@impozitelocale1.ro /  info@impozitelocale1.ro,secretariat_pf@impozitelocale1.ro,,12293095,RO07TREZ70121150201XXXXX,179141,1
DIRECŢIA VENITURI BUGET LOCAL SECTOR 2,,Romania,București,Sector 2,,Sos. Morarilor nr.6 Str. Mihail Glinka Ivanovici nr.7 ,,Tel: 0372.10.61.58 / 0314.03.99.00 /  Tel: +021.242.08.82 / fax 021.230.73.30,ipj@impozitelocale2.ro,pad@impozitelocale2.ro,,13811802,RO29TREZ70221150201XXXXX,179150,1
DIRECŢIA GENERALĂ DE IMPOZITE ŞI TAXE LOCALE SECTOR 3,,Romania,București,Sector 3,,"str. Sfanta Vineri nr.32, sector 3, cod 030205",,Tel: 021.3275145 / 021.3275146,relatii@ditl3.ro,www.ditl3.ro,,4420465,RO51TREZ70321150201XXXXX,,1
DIRECŢIA GENERALĂ DE IMPOZITE ŞI TAXE LOCALE SECTOR 4,SERVICIUL CONSTATARE PERSOANE JURIDICE,Romania,București,Sector 4,,"Sediul central in Bd. Metalurgiei nr. 12-18, Grand Arena, Et. 1 ",,Tel: 021.40.50.825 / 021.40.50.826 / 021.40.50.828 / 021.9441 ,office@dgitl4.ro,office@taxeimpozite4.ro,,4316422,RO73TREZ70421150201XXXXX,179178,1
"DIRECȚIA GENERALĂ DE IMPOZITE ȘI TAXE LOCALE A SECTORULUI 5, CONSILIUL LOCAL SECTOR 5",,Romania,București,Sector 5,,Strada Mihail Sebastian 23,,Tel: 0799.208.181 / 0724.500.559,constatarepj@ditl5.ro,cretu.manuela@ditl5.ro,,38320436,RO95TREZ70521150201XXXXX,179141,1
DIRECŢIA GENERALĂ DE IMPOZITE ŞI TAXE LOCALE SECTOR 6 ,SERVICIUL CONSTATARE PERSOANE JURIDICE,Romania,București,Sector 6,,Str. Brașov nr. 25,,Tel: 0374817710 / 4137790 ,asistenta@taxelocale6.ro,,,12380248,RO20TREZ70621150201XXXXX,,1
DIRECȚIA VENITURI - SERVICIUL IMPUNERE PERSOANE JURIDICE MUNICIPIUL ARAD,,Romania,Arad,Arad,,str. Mucius Scaevola nr. 11 ,,Tel: +40-257-214.334  Tel: 0257-283.312 int. 116 / 119,dvp.sipj@primariaarad.ro,sipf@primariaarad.ro,,3519925,RO82TREZ02121150201XXXXX,,1
DIRECŢIA IMPOZITE ŞI TAXE BACĂU,,Romania,Bacau,Bacău,,"Strada V. Alecsandri, nr. 63",,Tel: 0234 570 910 Fax: 0234 525 022,taxe-impozite@primariabacau.ro,,,4278337,RO89TREZ06121150201XXXXX,,1
PRIMARIA COMUNEI BAIA DE FIER,,Romania,Gorj,,Baia de Fier,nr. 364,,Tel: 0253 461 202 Fax: 0253 461 012,baiadefierprimaria@yahoo.com,,,4718896,RO94TREZ33921150201XXXXX,,1
DIRECŢIA GENERALĂ DE IMPOZITE ŞI TAXE LOCALE BAIA MARE,,Romania,Maramures,BAIA MARE,,"Str. Crişan, nr. 2",,Tel: 0262 211 005 / 0372-624188   Fax: 0262 211 004,venituri@baiamare.ro,,,3627692,RO94TREZ43621150201XXXXX,,1
Municipiul Bistriţa Direcţia Economică -venituri,,Romania,Bistrita Nasaud,Bistriţa ,,str. Al. Odobescu nr. 17,,Tel: 0263239070,primaria@primariabistrita.ro,,,4347569,RO96TREZ10121150201XXXXX,,1
DIRECŢIA IMPOZITE ŞI TAXE Municipiul BOTOŞANI,,Romania,Botosani,Botosani,,CALEA NAŢIONALĂ NR. 70,,"Tel: 0372.316.725/ 0372.316.739, 0231.582523 int.235",primaria@primariabt.ro,ditlbt@primariabt.ro,,3372882,RO38TREZ11621150201XXXXX,,1
Serviciul Constatare şi Impunere Persoane Juridice Directia Economica,,Romania,Braila,Braila,,"Piaţa Traian nr. 14 ,  b-dul. A.I. Cuza, nr. 105","Registratură, ghișeul nr. 1 Calea Călărașilor nr. 17",Tel/Fax: 0239/627501 Tel: 0785222513,scipj@pmbr.ro,,,4205670,RO32TREZ15121150201XXXXX,,1
CONSILIUL  LOCAL  AL  MUNICIPIULUI  BRAŞOV - DIRECTIA  FISCALA,,Romania,Brasov,Braşov,,"Str. Dorobanţilor nr. 4, cp 500009",,Tel: +40-268-474440  Fax : +40-268-410540,dirfiscala@brasovcity.ro,dirfiscala@dfbv.ro,,4384206,RO77TREZ13121150201XXXXX,,1
PRIMARIA DIRECŢIA IMPOZITE ŞI TAXE LOCALE COMUNA BUDEASA,,Romania,Argeș,,Budeasa,"Budeasa Mare, CP 117155",,Tel: 0248236.457,primarie@budeasa.cjarges.ro,,,4469566,RO88TREZ04624510271XXXXX,,1
PRIMARIA DIRECŢIA IMPOZITE ŞI TAXE LOCALE-COMUNA BREBU NOU ,Primaria Gărâna,Romania,Caras Severin,,Brebu Nou,"Str. Principala, 66, cp 327050",,"Tel: 0374 010 988, 0751112380",primaria.garina@yahoo.com,,,3227637,,,1
DIRECŢIA GENERALĂ DE IMPOZITE ŞI TAXE LOCALE BUZĂU,,Romania,Buzau,Buzau,,"str. Unirii nr.163, cp 120271",,Tel: 0238-717664 / 717658 Centrală /Registratură 0238-411015,primbz_cabinet@buzau.ro,,,4233874,RO71TREZ16621150201XXXXX,,1
PRIMARIA MUNICIPIULUI CARANSEBES,,Romania,Caras Severin,CARANSEBES,,"STR. PIATA REVOLUTIEI, Nr. 1",,"Tel: /fax.0255.514885/0355421991,fax0255515139",primaria.caransebes@gmail.com,,,3227947,RO35TREZ18221150201XXXXX,,1
DIRECŢIA GENERALĂ DE IMPOZITE ŞI TAXE LOCALE,SERVICIUL CONSTATARE PERSOANE JURIDICE,Romania,Cluj,Cluj-Napoca,,Piaţa Unirii nr.1,,Tel: /fax. 0264-597750,persoanejuridice@primariaclujnapoca.ro,registratura@primariaclujnapoca.ro,,4305857,RO07TREZ21621150201XXXXX,,1
DIRECŢIA GENERALĂ DE IMPOZITE ŞI TAXE LOCALE CONSTANȚA,SERVICIUL CONSTATARE PERSOANE JURIDICE,Romania,Constanta,Constanta,,Bd. Tomis nr. 112,,Tel: /fax.0241488532;,office@spit-ct.ro,ag6@split-ct.ro,,4785631,RO46TREZ23121150201XXXXX,,1
PRIMARIA COMUNEI CORBI,,Romania,Argeș,,Corbi,"str.  Voicu Corvin, NR 235,  sat Corbi, cp 117285",,Tel: /fax.0248580005,primariacorbi@yahoo.com,,,4318296,,,1
Municipiul Craiova/Primaria Municipiului Craiova/Directia Impozite si Taxe,,Romania,Dolj,Craiova,,Calea Bucuresti nr.51C,,Tel: 0251.411111;416235 int.301 /0251.414237,impunerepersoanejuridice@primariacraiova.ro,direxec_dit@primariacraiova.ro,,4417214,RO08TREZ29121150201XXXXX,69900,1
DIRECŢIA GENERALĂ DE IMPOZITE ŞI TAXE LOCALE - MUNICIPIUL GALAȚI,,Romania,Galati,Galati ,,"Str. Basarabiei Bl. A16, parter",,Tel: T.0236.307756;307773/307754,sesizari@primariagalati.ro,webmaster@primariagalati.ro,,3814810,RO47TREZ30621150201XXXXX,,1
DIRECŢIA GENERALĂ DE IMPOZITE ŞI TAXE LOCALE IASI,SERVICIUL CONSTATARE PERSOANE JURIDICE,Romania,Iasi,Iasi,,"B-dul. Ştefan cel Mare Şi Sfânt, nr. 11",,Tel: 40-232-267582,impozite.taxepj@primaria-iasi.ro,impozite.taxepf@primaria-iasi.ro,,4541580,RO16TREZ40621150201XXXXX,95060,1
Ineu Direcţia Economică -venituri ,SERVICIU IMPOZITE ŞI TAXE LOCALE INEU,Romania,Arad,Ineu,,"Strada Republicii nr.5, cp 315300",,Tel: 0257-511 550; Fax: 0257-511 965,primaria@primariaineu.ro,,,3519020,RO51TREZ02421150201XXXXX,,1
DIRECŢIA IMPOZITE ŞI TAXE COMUNA TUȘNAD,,Romania,Judetu Harghita,Băile Tușnad,,"Strada Oltului 63, cp 535100",,Telefon: 0266 335 017,office@primbt.ro,,,4245348,,,1
UNITATEA/SUBDIVIZIUNEA ADMINISTRATIV-TERITORIALĂ,SERVICIU IMPOZITE ŞI TAXE LOCALE comuna INEU,Romania,Bihor ,Ineu,,"Principală, nr. 7,CP 417295",,Tel: 0259.347.009;0259-347015,primariaineu@yahoo.com,,,4935208,RO02TREZ07621070250XXXXX,,1
Direcţia Economica de Impozite şi Taxe Locale Municipiul Oradea,,Romania,Bihor,Oradea,,"Piata Unirii nr. 1, cp 410100",,"Tel: 0259-437000,  fax 0259–437544,",primarie@oradea.ro,,,4230487,RO31TREZ07621150201XXXXX,,1
Direcţia de Impozite şi Taxe Locale municipiul PLOIEȘTI,,Romania,Prahova,Ploiești,,Bulevardul Independenței 16,,Telefon: 0344 801051,finantelocale@spfl.ro,,,2844855,RO24TREZ52121150201XXXXX,,1
DIRECŢIA GENERALĂ DE IMPOZITE ŞI TAXE LOCALE  - MUNICIPIUL REȘIȚA,,Romania,Caras Severin,REȘIȚA,,"P-ŢA 1 DECEMBRIE 1918, NR.9",,Tel/Fax: 0255/211690,scutariu.impozite@primariaresita.ro,impozite.taxe@primariaresita.ro,,3228764,RO13TREZ18121150201XXXXX,,1
PRIMARIA DIRECŢIA IMPOZITE ŞI TAXE LOCALE -MUNICIPIUL SATU MARE,,Romania,Satu Mare,Satu Mare,,"P-ţa Romană, parter bloc  D8",,"Tel: 0261.702.600/0261-768209, Fax: 0261-770149",ditl@satu-mare.ro,,,4038806,RO89TREZ54621150201XXXXX,136483,1
DIRECŢIA IMPOZITE ŞI TAXE LOCALE municipiul Sibiu,,Romania,Sibiu,Sibiu,,"Str. Brukenthal nr.2, cp 550178",,Tel: 02695208800,directiafiscala@sibiu.ro,pms@sibiu.ro,,4270740,RO70TREZ57621150201XXXXX,,1
PRIMARIA DIRECŢIA IMPOZITE ŞI TAXE LOCALE,,Romania,Argeș,ȘTEFĂNEȘTI,,"Calea București, nr. 1",,Tel: +4 0248 266 752,taxesiimpozitestefanesti@yahoo.com,,,4122574,RO50TREZ04621150201XXXXX,,1
DIRECŢIA GENERALĂ DE IMPOZITE ŞI TAXE LOCALE MUNICIPIUL SUCEAVA,SERVICIUL CONSTATARE PERSOANE JURIDICE,Romania,Suceava,Suceava,,B-DUL 1MAI nr.5A,,Tel: / 0230-212696 int.151| fax./0230/520593,primsv@primariasv.ro,,,4244792,RO12TREZ59121150201XXXXX,,1
Directia Fiscala a Municipiului Timișoara,,Romania,Timis,Timisoara,,B-dul C.D. Loga nr.1,,Tel/Fax: 0256-293606,office@dfmt.ro,Gabriela.Cioiniac@dfmt.ro,www.dfmt.ro,21666630,RO90TREZ62121150201XXXXX,,1
DIRECŢIA IMPOZITE ŞI TAXE LOCALE,,Romania,Vrancea,,Tulnici,cp 627365,,Tel: 0237265312,primarie_tulnici@yahoo.com,,,4297703,,,1
DIRECŢIA GENERALĂ DE IMPOZITE ŞI TAXE LOCALE VASLUI,SERVICIUL CONSTATARE PERSOANE JURIDICE,Romania,Vaslui,Vaslui ,,Str. Spiru Haret nr. 2,,"tel: 0235/310999, 0235/313946",vaslui.contact@gmail.com    pmv@primariavaslui.ro,,,3337532,RO84TREZ65621150201XXXXX,,1
DIRECŢIA ECONOMICO-FINANCIARĂ - MUNICIPIUL Râmnicu Vâlcea,,Romania,Valcea,Râmnicu Vâlcea,,Strada Carol I nr. 3-5,,"Tel: +40-250-73.53.51, Fax: 250-73.53.50",economic@primariavl.ro,,,2540813,RO26TREZ67121150201XXXXX,,1
PRIMARIA DIRECŢIA IMPOZITE ŞI TAXE LOCALE-MUNICIPIUL Tâgru Mureș,,Romania,Mures,Târgu Mureș,,"P-ța Victoriei nr. 3, cp 540026",,"Tel: 0265.268.330, interior PJ 167",itlpj@dfltgm.ro,,,4322823,RO04TREZ47621150201XXXXX,,1
DIRECŢIA IMPOZITE ŞI TAXE orasul BAICOI,,Romania,Prahova,Baicoi,,strada Unirii Nr.21,,Tel: 0244 260816 -260987/registratura.tel. 0344.802.064/ Taxe tel.0344882885,biroulunic@primariabaicoi.ro,taxe@primariabaicoi.ro,,2845710,RO32TREZ53921150201XXXXX,130981,1
PRIMARIA DIRECŢIA IMPOZITE ŞI TAXE LOCALE ,,Romania,Valcea,,Brezoi,"Str. Lotrului nr. 2, cp 245500",,Tel: 0250778470,brezoi@vl.e-adm.ro,,,2541894,,,1
DIRECŢIA IMPOZITE ŞI TAXE LOCALE Primaria Comunei Valea Doftanei,,Romania,Prahova,,Tesila,"str. Calea Doftanei, nr.156, cp 107640",,Tel: 0244 365367,registratura@primariavaleadoftanei.ro,secretar@primariavaleadoftanei.ro,https://www.primariavaleadoftanei.ro/,2843116,,,1
Directia de Impozite si Taxe Locale Municipiului Drobeta Turnu Severin ,,Romania,Mehedinti,Drobeta Turnu Severin,,"B-dul Carol I, Nr. 17",,Tel/Fax: 0252 313 698 / 0252 313 616 Tel: 0352 401 558,ditl@primariadrobeta.ro,,,4426581,RO62TREZ46121150201XXXXX,,1
DIRECŢIA IMPOZITE ŞI TAXE LOCALE Primaria Municipiul Lugoj,,Romania,Timis,Lugoj,,"Piața Victoriei Nr.4, cp 305500",,Tel: 0256.352240,impozite@primarialugoj.ro,,,4527381,RO37TREZ62321150201XXXXX,,1
UNITATEA/SUBDIVIZIUNEA ADMINISTRATIV-TERITORIALA,,Romania,Timis,,Periam,"Str. Principală, nr. 642",,"telefon 0256 375001,0256 381 054",taxe_impozite@primatimperiam.ro,office@primatimperiam.ro,,4759543,,,1
DIRECŢIA IMPOZITE ŞI TAXE LOCALE Primaria COMUNA CEAHLĂU,,Romania,Neamt,,Ceahlău,Cod Postal: 617125,,Tel: +40 0233-258059,primaria_ceahlau@yahoo.com,,,2614155,,,1
UNITATEA/SUBDIVIZIUNEA ADMINISTRATIV-TERITORIALA comuna TUZLA,,Romania,Constanta,,Tuzla,"Str. Constantei nr. 80 A, cp. 907295",,Tel: 0241747178 ,primariatuzla2007@yahoo.com,,,4707625,,,1
COMUNA DUDESTII-VECHI jud TIMIȘ,,Romania,Timis,,,"Dudeștii Vechi, Nr. 255",,Tel: 0256/381104/FAX 0256384504,primaria@dudestii-vechi.ro,,,4483919,,,1
PRIMARIA DIRECŢIA IMPOZITE ŞI TAXE LOCALE ORASUL Sovata,,Romania,Mures,Sovata,,Principală nr.155,,Tel: 0265-570218,secretariat@primariasovata.ro,,,4436895,RO39TREZ48221150201XXXXX,,1
PRIMARIA COMUNEI Borș- DIRECŢIA IMPOZITE ŞI TAXE LOCALE,,Romania,Bihor,Bors,Bors,"Strada nr. 200, cp 417075",,Tel: 0259 316155,primariabors@gmail.com,primaria.bors@cjbihor.ro,,4390526,,,1
Directia de impozite si taxe locale - Municipiul Slobozia,,Romania,Ialomita,Slobozia,,"Str.Episcopiei, nr. 1",,Tel: +40 243 231 401 INT 217,dit@municipiulslobozia.ro,office@municipiulslobozia.ro,,4365352,RO74TREZ39121150201XXXXX,92658,1
DIRECȚIA VENITURI - SERVICIUL IMPUNERE PERSOANE JURIDICE -MUNICIPIUL TÂRGOVIȘTE,,Romania,Dambovita,Targoviste,,"str. Grigore Alexandrescu, bl. E4",,"Tel:  611222, 613928 / int. 121, 122; 213078",impozitelocale@pmtgv.ro,,,4279944,RO53TREZ27121150201XXXXX,,1
DIRECŢIA IMPOZITE ŞI TAXE Municipiul PITEŞTI,,Romania,Argeș,Pitești,,"Str. Victoriei Nr.24, cp 110017",,Tel:  0248215440; Fax: 0248212166,primaria@primariapitesti.ro,,,4317967,RO50TREZ04621150201XXXXX,13169,1
DIRECŢIA IMPOZITE ŞI TAXE LOCALE COMUNA LIMANU, UNITATEA SUBDIVIZIUNEA ADMINISTRATIV-TERITORIALĂ,Romania,Constanta,Limanu,,Str.Castanului Nr.32,,T.0241858204 /Taxe Limanu-0749205541/registratura-0749205553,secretar@primarialimanu.ro,,,4671688,,,1
DIRECŢIA IMPOZITE ŞI TAXE LOCALE COMUNA BELIS Primaria Belis,,Romania,Cluj,,BELIŞ,"Str. Principala, Nr. 105A, cp 407075",,Tel: 0264-334 002,primariabelis@yahoo.com,,,4485260,,,1
DIRECŢIA IMPOZITE ŞI TAXE LOCALE Primaria Orasului Topoloveni,,Romania,Argeș,Topoloveni,,"Str. Calea Bucuresti, Nr. 111, cp 115500",,Tel: 0248.666.259,primarie@topoloveni.cjarges.ro,,,4229725,RO63TREZ05121150201XXXXX,,1
DIRECŢIA IMPOZITE ŞI TAXE LOCALE Primaria Localitatea OLTENIȚA,,Romania,Calarasi,Oltenița,,Bd. Republicii nr. 40 cp 915400,,Tel: 0242515770; 0722256115,contact@primariaoltenita.ro,taxe.impozite@primariaoltenita.ro,,4294103,RO87TREZ20221150201XXXXX,,1
DIRECŢIA IMPOZITE ŞI TAXE LOCALE Primaria Localitatea CĂLĂRAȘI,,Romania,Calarasi,Calarasi,,str Bucuresti nr. 140 A  cp 910058,,Tel: 0242311005; 0242318574,office@primariacalarasi.ro,,,4445370,RO65TREZ20121150201XXXXX,92569,1
DIRECŢIA IMPOZITE ŞI TAXE LOCALE PLOPENI,,Romania,Prahova,PLOPENI,,"Bulevardul Independentei, nr. 12, cp 105900",,Telefon: +4.0244.220.132,contact@primariaplopeni.ro,,,2843779,,,1
"Directia Impozite Si Taxe Locale Zalau, Zalău",,Romania,Salaj,Zalău,,"Piaţa Iuliu Maniu nr.3, cp 450016",,Telefon: 0260/610550,primaria@zalausj.ro,,,4291786,RO31TREZ56121150201XXXXX,,1
Directia Impozite Si Taxe Locale Sighetu Marmatiei,,Romania,Maramures,Sighetu Marmației,,"Str.Bogdan Vodă 14, cp 435500",,Telefon: 0262314580,directiavenituri@primariasighet.ro,,,3695174,RO19TREZ43721150201XXXXX,,1
Directia Impozite Si Taxe Locale Focșani,,Romania,Vrancea,Focşani,,"B-dul Dimitrie Cantemir, Nr. 1bis, cp 620098",,Tel: 0237236000,primarie@focsani.info,,,4350645,RO78TREZ69121150201XXXXX,,1
Directia Impozite Si Taxe Locale Bârlad,,Romania,Vaslui,Bârlad,,"Strada 1 Decembrie, nr. 21, cp 731182",,Tel: 0235 411 760 / fax 0235 416 867,contact@primariabarlad.ro,,,4539912,RO09TREZ65721150201XXXXX,,1
Directia Impozite Si Taxe Locale FĂGĂRAȘ,,Romania,Brasov,Fagaras,,"str. Republicii nr.3, cp 505200 ",,"Tel: 0268211313, taxe 0368 402 887",secretariat@primaria-fagaras.ro,taxe@primaria-fagaras.ro,,4384419,RO02TREZ13221150201XXXXX,,1
DIRECŢIA GENERALĂ DE IMPOZITE ŞI TAXE LOCALE COMUNA PUSCAȘI,,Romania,Vaslui,,Puscasi,"Str. Principala nr. 68, sat Puscasi",,Tel: 0235-340400/0235-340348,primariapuscasi@yahoo.com,contabil@primariapuscasi.ro,,16404196,,,1
UNITATEA/SUBDIVIZIUNEA ADMINISTATIV-TERITORIALĂ A ORASULUI RÂȘNOV,,Romania,Brasov,Rasnov,,"Str. Piata Unirii, nr. 12, cp 505400",,Tel: 0268.230.115;230.002,impozite.taxe@primariarasnov.ro,,,4443353,R037TREZ13821150201XXXXX,,1
DIRECȚIA VENITURI - SERVICIUL IMPUNERE PERSOANE JURIDICE Municipiul Târgu Jiu,,Romania,Gorj,Targu Jiu,,"str. Republicii, bl. 25 PARTER",,Tel: 0253227101/0253227102,dit@targujiu.ro,,,4956065,RO28TREZ33621150201XXXXX,,1
DIRECŢIA GENERALĂ DE IMPOZITE ŞI TAXE LOCALE COMUNA BOITA,,Romania,Sibiu,Boita,,"str. Traian, nr. 263, cp 555701",,Telefon: 0269-556136,primaria@boita.ro,,,16343285,,,1
DIRECȚIA ECONOMICĂ Birou impozite și taxe locale,,Romania,Salaj,Șimleu Silvaniei,,Str. Libertății nr.3,,"Tel: 0260678622, fax: 0260679220",directia_economica@simleusilvaniei.ro,primaria_simleu@yahoo.com,,4566658,RO75TREZ56321150201XXXXX,,1
Directia Impozite Si Taxe Locale Municipiul ROMAN,,Romania,Neamt,Roman,,"Piaţa Roman-Vodă, nr. 1, cp 611022",,"Tel: 0233.741.119, 0233.744.650, 0233.742.428, 0233.741.652",itjuridice@primariaroman.ro,,,2613583,RO65TREZ49221150201XXXXX,,1
Directia Impozite Si Taxe Locale Municipiul Sighișoara,,Romania,Mures,Sighișoara,,"P-ța Muzeului, nr. 7",,Tel: 0265771280/fax. 0265771264,impozitetaxe@primaria-sighisoara.ro,,,5669309,RO48TREZ47821150201XXXXX,,1
DIRECŢIA GENERALĂ DE IMPOZITE ŞI TAXE LOCALE HUEDIN,,Romania,Cluj,Huedin,,Strada Horea 1,,Tel: 0264351548,taxeimpozite@primariahuedin.ro,,,4485642,RO20TREZ22121150201XXXXX,,1
UNITATEA/SUBDIVIZIUNEA ADMINISTRATIV-TERITORIALĂ Municipiul Tulcea,,Romania,Tulcea,Tulcea,,str Pacii nr 20,,Tel/Fax: 0240532959,sit@primaria-tulcea.ro,,,4321429,RO45TREZ64121150201XXXXX,,1
PRIMĂRIA SINAIA -SERVICIUL BUGET,,Romania,Prahova,Sinaia,,B-dul Carol I nr.47,,tel/fax: 0244-311788,taxe@primaria-sinaia.ro,contact@primaria-sinaia.ro,,2844103,RO06TREZ52921150201XXXXX,,1
SERVICIUL ADMINISTRATIE LOCALA-BIROUL VENITURI orasul Pucioasa,,Romania,Dambovita,Pucioasa,,Str.Fantanelor nr.7,,Telefon:0245/232.277;Fax:0245/760.484,info@primpuc.ro,birou.venituri@primpuc.ro,,4280302,RO44TREZ27521150201XXXXX,,1
Directia Impozite Si Taxe Locale Municipiul PIATRA NEAMȚ,,Romania,Neamt,Piatra Neamț,,"str. Cuejdi, nr. 1B, clădirea Forum Center",,"Tel: 0233/213884, fax 0233/213894",taxesiimpozite@primariapn.ro,,,2612790,RO43TREZ49121150201XXXXX,,1
Directia Impozite Si Taxe Locale Municipiul PETROȘANI,,Romania,Hunedoara,PETROȘANI,,"Str. 1 Decembrie 1918, Nr. 93, cp 332019",,Tel: (004) 0254 546 876,txi_petrosani@yahoo.com,taxe.impozite@primariapetrosani.ro,,4468943,RO53TREZ36821150201XXXXX,,1
Directia Impozite Si Taxe Locale Municipiul DEVA,,Romania,Hunedoara,Deva,,"Bd. 1 Decembrie 1918, nr. 16A",,Tel: 0254/215417; Fax: 0254/210896;,impozite_taxe@primariadeva.ro,,,4374393,RO09TREZ36621150201XXXXX,86687,1
Directia Impozite Si Taxe Locale Municipiul ALBA IULIA,,Romania,Alba,ALBA IULIA,,"Str. Ardealului, nr. 1-3",,Tel/fax: 0258-818338,taxe@apulum.ro,,,4562923,RO52TREZ00221150201XXXXX,,1
Directia Impozite Si Taxe Locale oras NĂVODARI,,Romania,Constanta,Năvodari,,"Str. Sănătății, nr. 2",,"Tel: 0241-762675;0241.761.603, 0241.760.353",impozite@primaria-navodari.ro,,,4618382,,60507,1
DIRECŢIA GENERALĂ DE IMPOZITE ŞI TAXE LOCALE MEDIAȘ,,Romania,Sibiu,Mediaş,,Piaţa Corneliu Coposu Nr. 3,,Tel: +40 269 803 803,taxemedias@gmail.com,,,4240677,RO92TREZ57721150201XXXXX,,1
DIRECŢIA GENERALĂ DE IMPOZITE ŞI TAXE LOCALE MANGALIA,,Romania,Constanta,MANGALIA,,str. Constantei nr 13,,Tel: +40241751060/0241755606,taxe@primaria.mangalia.ro,,,4515255,RO90TREZ23321150201XXXXX,,1
DIRECŢIA GENERALĂ DE IMPOZITE ŞI TAXE LOCALE SFÂNTU GHEORGHE,,Romania,Covasna,Sfântu Gheorghe,,"str. Oltului nr 2, cp 520027 ",,Tel/fax/e-mail: 0267 316 957,taxeimpozitelocale@sepsi.ro,,,4404605,RO14TREZ25621150201XXXXX,,1
DIRECŢIA GENERALĂ DE IMPOZITE ŞI TAXE LOCALE ONEȘTI,,Romania,Bacau,ONEȘTI,,"B-dul OITUZ, Nr. 17",,Tel: 0234.324.243 int. 213,control-fiscal@onesti.ro,,,4353250,RO14TREZ06221150201XXXXX,,1
DIRECŢIA GENERALĂ DE IMPOZITE ŞI TAXE LOCALE oras LEHLIU GARĂ,,Romania,Calarasi,Lehliu Gara,,"Strada Pompieri nr 3, cp 915300",,Tel: 0242641124; 0242641134,taxe.locale@primarialehliugara.ro,,,16300713,RO12TREZ20321150201XXXXX,,1
UNITATEA ADMINISTRATIV-TERITORIALĂ COMUNA PREJMER,,Romania,Brasov,,Prejmer,"Str.Mare nr.565, cp 507165",,Tel : 0268 -362003 ; 0268 -362041 ,impozite_taxe@wp.afirmax.ro,contact@primariaprejmer.ro,,4688701,RO77TREZ13121150201XXXXX,,1
UNITATEA ADMINISTRATIV-TERITORIALĂ COMUNA TREZNEA,,Romania,Salaj,,Treznea,"Str. Principală, nr. 83",,Tel: 0260-658044,primariatreznea@gmail.com,,,7977526,,,1
UNITATEA ADMINISTRATIV-TERITORIALĂ COMUNA HĂRMAN,,Romania,Brasov,,Harman,"Str.Pieti nr.1, cp 507085",,"Tel: 0268/367221, 0268/367523",financiar@primariaharman.ro,registratura@primariaharman.ro,,4833941,RO77TREZ13121150201XXXXX,41097,1
UNITATEA/SUBDIVIZIUNEA ADMINISTRATIV-TERITORIALĂ,,Romania,Judetu Harghita,,CORBU,"str PRINCIPALA, nr. 119",,Tel: : 0266.338.814,corbu1@hr.e-adm.ro,,,4612487,,,1
DIRECŢIA IMPOZITE ŞI TAXE LOCALE BICAZ NEAMȚ,,Romania,Neamt,Bicaz,,Strada Barajului nr. 4,,Fax. 0233/254530 ; Tel:  +0233254310 int 108,primariabicaz@yahoo.com,,,2614392,RO12TREZ49421150201XXXXX,,1
DIRECŢIA IMPOZITE ŞI TAXE LOCALE oras BUȘTENI,,Romania,Prahova,Busteni,,"Bulevardul Libertatii, Nr.101",,Tel: 0244 320 561/0344401916,sitl.primariabusteni@yahoo.com,uatobusteni@gmail.com,,2845729,RO06TREZ52921150201XXXXX,,1
DIRECŢIA IMPOZITE ŞI TAXE LOCALE comuna FLOREȘTI,,Romania,Prahova,,Floresti,"str.Principală, nr.604",,Telefon : 0244 369114,floresti_primaria@yahoo.com,,,2843620,,,1
DIRECŢIA IMPOZITE ŞI TAXE LOCALE comuna Bistriţa Bîrgăului,,Romania,Bistrita Nasaud,,Bistriţa Bîrgăului,"Str. Principală, Nr. 1326",,Tel: : 0263/265286,primariabistritabirgaului@yahoo.com,,,4347437,,,1
DIRECŢIA IMPOZITE ŞI TAXE LOCALE comuna HORIA,,Romania,Neamt,,Horia,"Str. Pietrei, Nr. 1, sat Horia",,tel/fax: 0233747341/Impozite și taxe: 0233747462 / interior 202,contact@primariahorianeamt.ro,primariahoria@yahoo.com,,2613737,,,1
DIRECŢIA GENERALĂ DE IMPOZITE ŞI TAXE LOCALE orasul AVRIG,,Romania,Sibiu,Avrig,,"Str. Ghe. Lazăr, Nr. 10, cod poștal 555200",,"Tel: +0269/523.101, Fax: +0269/524.401",office@primaria-avrig.ro,simona.perju@primaria-avrig.ro,,4241087,RO83TREZ58121150201XXXXX,,1
DIRECŢIA IMPOZITE ŞI TAXE LOCALE comuna CUCUTENI,,Romania,Iasi,,Cucuteni,,,Tel: 0232/717007 ,osecretar@primariacucuteni.ro,primar@primariacucuteni.ro,,4540984,RO04TREZ40821180250XXXXX,,1
DIRECŢIA GENERALĂ DE IMPOZITE ŞI TAXE LOCALE a municipiului RĂDĂUȚI,,Romania,Suceava,Radauti,,"Str. Piata Unirii nr. 2-4, cod 725400",,"Tel: 0230561140, 0755155423",impozite@primariaradauti.ro,contabilitate@primariaradauti.ro,,4244148,RO03TREZ59521150201XXXXX,,1
DIRECŢIA IMPOZITE ŞI TAXE LOCALE comuna Dobrosloveni,,Romania,Olt,,Dobrosloveni,str. Alexandru Ioan Cuza 3,,Tel: +40.249.530022,primar@dobrosloveni.ro,,,4395035,,,1
DIRECŢIA IMPOZITE ŞI TAXE LOCALE localitatea Șuncuiuș,,Romania,Bihor,Șuncuiuș,,str. Aurel Vlaicu nr439,,Tel: 0259444010,primaria.suncuius@cjbihor.ro,primaria.suncuius@yahoo.com,,4784199,,,1
DIRECŢIA IMPOZITE ŞI TAXE LOCALE localitatea Sântana de Mureş,,Romania,Mures,Sântana de Mureş,,"Str. Morii nr. 26, 547565",,"Tel/fax: 0265-323517, 323518",registratura@sintana.ro,sintana@cjmures.ro,,4323349,RO04TREZ47621150201XXXXX,,1
DIRECŢIA GENERALĂ DE IMPOZITE ŞI TAXE LOCALE a municipiului HUNEDOARA,,Romania,Hunedoara,Hunedoara,,Bulevardul Libertății nr. 26; cod poștal 331128,,Telefon:0254/716322; Fax: 0254/716087,taxe.impozite@primariahunedoara.ro,,,2127028,RO31TREZ36721150201XXXXX,,1
DIRECŢIA GENERALĂ DE IMPOZITE ŞI TAXE LOCALE a municipiului ORĂȘTIE,,Romania,Hunedoara,Orăștie,,"P-ța Aurel Vlaicu, Nr. 3",,Tel: /fax: 0254241513,primaria@orastie.info.ro,impozitesitaxe@orastie.info.ro,,4634515,RO97TREZ37021150201XXXXX,,1
Direcția Buget Finanțe Birou Impozite și Taxe a municipiului BLAJ,,Romania,Alba,Blaj,,Piaţa 1848 Nr. 16,,Telefon: +40 258 710 110,taxesiimpozite@primariablaj.ro,,,4563007,RO74TREZ00321150201XXXXX,,1
UNITATEA ADMINISTRATIV-TERITORIALĂ municipiul CODLEA,,Romania,Brasov,Codlea,,Str. Lungă nr. 33,,Telefon: +40 268 251650,contact@municipiulcodlea.ro,contact@primaria-codlea.ro,,4777108,RO15TREZ13721150201XXXXX,,1
UNITATEA ADMINISTRATIV-TERITORIALĂ orasul RUPEA,,Romania,Brasov,Rupea,,"str. Republicii nr.169, CP 505500",,Telefon contact: 0268260490,contact@primariarupea.ro,,https://www.primariarupea.ro/,4443388,RO24TREZ13321150201XXXXX,,1
UNITATEA ADMINISTRATIV-TERITORIALĂ municipiul SĂCELE,,Romania,Brasov,Săcele,,STR. P-ŢA LIBERTĂŢII NR.17,,TEL/FAX: 0268.276.164/0268.274.577,primaria@municipiulsacele.ro,,,4317649,RO90TREZ13621150201XXXXX,,1
Direcția Buget Finanțe Birou Impozite și Taxe a municipiului Curtea de Argeș,,Romania,Argeș,Curtea de Argeș,,bd. Basarabilor nr.99,,Telefon: +40 248 721107,impozite@primariacurteadearges.ro,,,4121927,RO94TREZ04821150201XXXXX,,1
DIRECŢIA IMPOZITE ŞI TAXE LOCALE localitatea Băluşeni,,Romania,Botosani,,Bălușeni,"str. Nicolae Sofian Nr. 83, sat Zăicești",,Telefon: 0231 515 849,primariabaluseni@yahoo.com,,,3433890,,,1
UNITATEA ADMINISTRATIV-TERITORIALĂ -DIRECŢIA IMPOZITE ŞI TAXE LOCALE comuna Vădeni,,Romania,Braila,Vădeni,,Str. Emilia Dumitrescu 181,,Tel: 0239 697 664/0239 697 616,office@vadeni.ro,impozite.taxe@vadeni.ro,,4342650,,,1
UNITATEA ADMINISTRATIV-TERITORIALĂ municipiul MARGHITA,,Romania,Bihor,Marghita,,Calea Republicii nr.1,,Tel: 0259 362001/409977,primaria@marghita.ro,,,4348947,RO66TREZ08221150201XXXXX,,1
"DIRECȚIA ECONOMICĂ - SERVICIUL IMPOZITE, TAXE ȘI ALTE VENITURI MUNICIPIUL MIERCUREA- CIUC",,Romania,Harghita,Miercurea- Ciuc,,P-ța Cetății nr. 1,,Telefon: 00-40-266-315120; 0743-040 500; Fax: 00-40-266-315413,impozite@miercureaciuc.ro,,,4245747,RO67TREZ35121150201XXXXX,,1
"DIRECȚIA ECONOMICĂ - SERVICIUL IMPOZITE, TAXE ȘI ALTE VENITURI municipiul RÂMNICU SĂRAT",,Romania,Buzau,Râmnicu Sărat,,"Str. Nicolae Bălcescu 1, 125300",,Tel: 0238/561946 Impozite si Taxe: 0238561946,impozite@primariermsarat.ro,,,2406871,RO93TREZ16721150201XXXXX,,1
DIRECŢIA IMPOZITE ŞI TAXE LOCALE PRIMĂRIA Comunei SĂLIȘTEA,,Romania,Alba,,Salistea,"Str. Joseni, Nr. 447, Cod postal 517655",,"Tel: 0258/762101, 0258/762007",primaria_salistea@yahoo.com,,,4562001,,,1
"DIRECȚIA ECONOMICĂ - SERVICIUL IMPOZITE, TAXE ȘI ALTE VENITURI municipiul ODORHEIU SECUIESC",,Romania,Harghita,Odorheiu Secuiesc,,Piata Varoshaza nr.5,,Tel: 0266218145 (1907)/ 02662183182,kovacs.eva@udvarhely.ro,,,4367558,RO89TREZ35221150201XXXXX,,1
"DIRECȚIA ECONOMICĂ - SERVICIUL IMPOZITE, TAXE ȘI ALTE VENITURI municipiul SLATINA",,Romania,Olt,Slatina,,Str. Toamnei nr.6,,Tel: 0249.411.070 si tel 0760296355; fax:249/412524,dge_slatina@primariaslatina.ro,,,4394811,RO82TREZ50621150201XXXXX,,1
"DIRECȚIA ECONOMICĂ - SERVICIUL IMPOZITE, TAXE ȘI ALTE VENITURI municipiul CURTEA DE ARGEȘ",,Romania,Argeș,CURTEA DE ARGEȘ,,str. Basarabilor nr.99,,"Tel.0248,721033",impozite@primariacurteadearges.ro,registratura@primariacurteadearges.ro,,4121927,RO94TREZ04821150201XXXXX,,1
"DIRECȚIA ECONOMICĂ - SERVICIUL IMPOZITE, TAXE ȘI ALTE VENITURI municipiul CÂMPINA",,Romania,Prahova,Câmpina,,str. Calea Doftanei nr. 18,,"Telefon: 0244.374.425, 0244.374.485",directia_economica@primariacampina.ro,,,2843272,RO46TREZ52221150201XXXXX,,1
DIRECŢIA IMPOZITE ŞI TAXE LOCALE PRIMĂRIA Comunei GRĂDIȘTEA,,Romania,Ilfov,,Gradistea,"Strada Primariei, Nr. 29",,Tel: 021.266.27.60,primariagradisteaif@yahoo.com,gradistea2007@yahoo.com,,4420813,,,1
Direcţia Venituri – Impozite şi taxe Oraşul Tîrgu Neamţ,,Romania,Neamt,Târgu Neamț,,Bulevardul Stefan cel Mare nr.62,,"Tel: 0374480110 impozite pj, centrala 0233/790245, int. 110",juridice@primariatgneamt.ro,sef_itx@primariatgneamt.ro,,2614104,RO87TREZ49321150201XXXXX,121055,1
DIRECŢIA IMPOZITE ŞI TAXE LOCALE PRIMĂRIA Comunei CACICA,,Romania,Suceava,,Cacica,"Sat Pîrteşti de Sus, Nr. 234",,Telefon: 0230 237002,primariacacica@yahoo.com,,,4441174,,,1
DIRECŢIA IMPOZITE ŞI TAXE LOCALE PRIMĂRIA Comunei BORȘ,,Romania,Bihor,,Bors,"Strada nr. 200, Cod postal: 417075",,Tel: 0259 316155,primariabors@gmail.com,primaria.bors@cjbihor.ro,,4390526,,,1
DIRECŢIA IMPOZITE ŞI TAXE LOCALE PRIMĂRIA BĂILE GOVORA,,Romania,Valcea,BĂILE GOVORA,,"STR. TUDOR VLADIMIRESCU, NR. 75-77",,Tel: 0250 770 460,primaria@primaria-baile-govora.ro,,,2541827,RO83TREZ67121A470400XXXX,,1
DIRECŢIA IMPOZITE ŞI TAXE LOCALE PRIMĂRIA Comunei Bobâlna,,Romania,Cluj,,Bobâlna,"Str. Principala, Nr. 37, Cod poștal: 407085",,Telefon: 0264-355046,primar@primariabobilna.ro,,,4378760,RO17TREZ21721360250XXXXX,,1
"DIRECȚIA ECONOMICĂ - SERVICIUL IMPOZITE, TAXE ȘI ALTE VENITURI municipiul Vatra Dornei",,Romania,Suceava,Vatra Dornei,,"Str. Mihai Eminescu nr.17, Cod Postal: 725700",,"Tel: 0230.375.229, 0230.375517",primaria@vatra-dornei.ro,contact@primariavatradornei.ro,,7467268,RO47TREZ59721150201XXXXX,,1
DIRECŢIA IMPOZITE ŞI TAXE LOCALE PRIMĂRIA Comunei FLOREȘTI Cluj,,Romania,Cluj,,Florești,"Avram Iancu, nr. 170",,Telefon: 0364-994,impozite@floresticluj.ro,,,4485391,RO07TREZ21621150201XXXXX,,1
"DIRECȚIA ECONOMICĂ - SERVICIUL IMPOZITE, TAXE ȘI ALTE VENITURI municipiul CÂMPULUNG MUSCEL",,Romania,Argeș,CÂMPULUNG MUSCEL,,"Str. Negru Vodă, nr. 127",,"Tel/fax:0248511034, 0248510055; Mobil: 0756.998.960",primarie@primariacampulung.ro,campulung@muscel.ro,,4122361,RO72TREZ04721150201XXXXX,,1
DIRECŢIA IMPOZITE ŞI TAXE LOCALE PRIMĂRIA Comunei ȘCHEIA Suceava,,Romania,Suceava,,Șcheia,"str. Mihoveni nr.4, Cod postal: 727525",,Tel: 0230/526588; fax: 0230/526556,sv.primariascheia@yahoo.com,,,4327421,,,1
ORAȘUL BECLEAN - Serviciul Impozite si Taxe Locale,,Romania,Bistrita Nasaud,Beclean,,"Str. Trandafirilor nr.2, cod 425100",,Tel: 0263-343447/ 343687,secretariat@primariabeclean.ro,,,4548821,RO21TREZ10221150201XXXXX,32483,1
DIRECŢIA IMPOZITE ŞI TAXE LOCALE PRIMĂRIA Comunei Balotești judet Ilfov,,Romania,Ilfov,,Balotești,"Șoseaua Unirii, Nr. 218",,Tel: 031/4301403 si 0213511092/ 0213511093,registratura@pblt.ro,impozitesitaxe@pblt.ro,,4532469,,,1
"DIRECȚIA ECONOMICĂ - SERVICIUL IMPOZITE, TAXE ȘI ALTE VENITURI municipiul Sebeș",,Romania,Alba,Sebeş,,"Str. Primăriei, nr. 1",,Tel: 0258/731132/700098,directiavenituri@primariasebes.ro,,,4331201,RO21TREZ00521150201XXXXX,,1
DIRECŢIA IMPOZITE ŞI TAXE LOCALE PRIMĂRIA Comunei Mogoșoaia judet Ilfov,,Romania,Ilfov,,Mogosoaia,Sos. Bucuresti-Targoviste nr. 138,,Tel: 021.351.66.92 /Fax: 021.351.66.95,primaria@mogosoaia.ro,,https://mogosoaia.ro,4420830,RO77TREZ42221150201XXXXX,,1
DIRECŢIA IMPOZITE ŞI TAXE LOCALE PRIMĂRIA Comunei Popești Leordeni judet Ilfov,,Romania,Ilfov,,Popești-Leordeni,"Piața Sf. Maria, Nr. 1",,Telefon: 031 131 34 00/ 031 131 34 10 Registratura Tel: 031 131 34 04,relatiipublice@ppl.ro,registratura@ppl.ro,,4505596,,,1