"wp_product_id","name","wp_event_id","price","stock_qty","commission_rate","commission_on_top"
"64541","Acces in 25.02.24","354589","60","0","6%","1"
"86877","05.03.26 Suport Artist","225465","50",NULL,"6%","1"
"319816","Acces in 24.01.24","354589","60","0","6%","1"
"354592","Acces General-25.06.2023","354589","50",NULL,"2,5","1"
"455791","Acces in 23.02.24 acces 19:00","354589","60","0","6%","1"
"462631","Acces in 14.02.24 ora 21:30","354589","70","48","6%","1"
"465590","20.04.24 Acces","354589","65","48","6%","1"
"465839","17.11.24 Acces","441134","55","0","6%","1"
"469496","20.10.24 Acces","530033","70","0","6%","1"
"472423","20.10.24 Acces elev/student/pensionar","530033","60","0","6%","1"
"482982","24.01.25 Acces","573413","65","0","6%","1"
"488632","Acces in 24.11.24","530033","60","0","6%","1"
"495682","13.02.26 Bilet ora 18:30","530048","65","80","6%","1"
"495685","10.10.25 Acces elev/student ora 18:30","530048","50","70","6%","1"
"529511","24.02.25 Acces","213195","65","0","6%","1"
"573258","01.03.25 Acces elev/student","593507","50","0","6%","1"
"573265","31.01.25 Acces","441134","65","0","6%","1"
"573266","31.01.25 Acces elev/student/pensionar","441134","55","0","6%","1"
"573284","31.01.25 Acces","530033","60","0","6%","1"
"573285","31.01.25 Acces elev/student/pensionar","530033","55","0","6%","1"
"573362","24.01.25 Acces ora 17:00","573330","60","0","6%","1"
"573426","24.01.25 Acces ora 19:30","573413","60","0","6%","1"
"573434","24.01.25 Acces elev/student/pensionar ora 19:30","573413","55","0","6%","1"
"576007","30.01.26 Bilet ora 18:30","576003","65","0","6%","1"
"581307","23.01.26 Acces","530033","65","0","6%","1"
"581334","11.10.25 Acces ora 18:30","576003","60","0","6%","1"
"581777","14.02.25 Acces ora 18:00","354589","65","48","6%","1"
"581778","14.02.25 Acces ora 20:00","354589","70","0","6%","1"
"586140","18.10.25 Acces ora 20:30","441134","60","56","6%","1"
"588858","09.02.25 Acces","530033","65","0","6%","1"
"593575","04.10.25 Acces ora 18:30","573330","60","0","6%","1"
"593576","01.03.25 Acces","593507","60","0","6%","1"
"593581","14.02.26 Acces VIP","593507","85",NULL,"6%","1"
"593673","14.02.26 Acces","593507","70",NULL,"6%","1"
"598919","08.03.25 Acces","213195","65","0","6%","1"
"601011","04.04.25 Acces ora 20:00","576003","65","0","6%","1"
"614563","28.09.25 Acces","530033","60","0","6%","1"
"624623","Categoria II","782603","50",NULL,"6%","1"
"639728","Canapea 10 persoane -Abonament","717259","200","0","5%","1"
"673607","23.11.25 Acces ora 17:00","724278","65","0","6%","1"
"673608","23.11.25 Acces elev/student ora 17:00","724278","50","0","6%","1"
"681296","29.03.26 Acces","682152","45","100","2,5","1"
"682166","Acces sambata 12.07.25","682161","45","0","2,5","1"
"682175","Acces duminica 28.09.25","682161","45","92","2,5","1"
"683591","Acces sambata 14.03.26","683317","45","100","2,5","1"
"683725","Acces sambata 26.07.25","683720","45","0","2,5","1"
"683789","Acces duminica 17.05.26","683780","45","100","2,5","1"
"683800","Acces sambata 30.08.25","683797","45","0","2,5","1"
"683846","Acces duminica 19.04.26","683835","35","100","2,5","1"
"685898","Acces duminica 18.01.25","685895","45","47","2,5","1"
"686564","Suport artist 27.11.25","686557","40","0","2,5","1"
"692242","Acces sambata 17.01.2026","692237","45",NULL,"2,5","1"
"692341","Acces sambata 04.10.25","692338","45","0","2,5","1"
"692359","Acces sambata 11.10.25","692356","45","0","2,5","1"
"692383","Acces duminica 26.10.25","692237","45",NULL,"2,5","1"
"692413","Acces marti 06.01.26","692404","45",NULL,"2,5","1"
"694579","Acces sambata 30.08.25","694576","45","0","2,5","1"
"695249","Acces duminica 31 august","695230","45","100","2,5","1"
"695688","25.10.25 Acces ora 19:30","724278","65","0","6%","1"
"695689","25.10.25 Acces elev/student ora 19:30","724278","50","100","6%","1"
"698178","Acces sambata 07.03.26","692338","45",NULL,"2,5","1"
"698924","Abonament Earlybird","698920","120",NULL,"6%","1"
"700203","Blind Pass -Abonament","700195","300",NULL,,"1"
"700255","Early Wave - 500 LTD","700245","425","0","4,5%","1"
"701624","Acces sambata 10.01.26","701621","45",NULL,"2,5","1"
"701655","Acces duminica 14.09.25","701647","45",NULL,"2,5","1"
"701698","Acces sambata 28.03.26","701691","45",NULL,"2,5","1"
"703757","Acces sambata 28 februarie","695230","45","91","2,5","1"
"703781","Acces duminica 07.06.26","703775","45","100","2,5","1"
"703805","Acces sambata 27.09.25","683780","45","96","2,5","1"
"708608","11.01.26 Bilet ora 18:00","573330","65","74","6%","1"
"708609","16.11.25 Bilet ora 18:00","573330","60","0","6%","1"
"708613","22.11.25 Bilet ora 18:30","573330","60","0","6%","1"
"708814","15.11.25  Acces ora 18:30","441134","60","63","6%","1"
"708846","Bilet pt 25 oct. ora 20:30","573413","60","67","6%","1"
"708852","17.01.26 Bilet ora 20:30","573413","65","0","6%","1"
"711588","07.03.26 Acces","780648","65","65","6%","1"
"713556","05.10.25 Acces","713553","60","0","6%","1"
"714510","Acces duminica 18 ianuarie","714502","45","98","2,5","1"
"714695","Acces duminica 19.10.25","682161","45","0","2,5","1"
"714721","Acces sambata 31.01.26","714716","45","92","2,5","1"
"714730","Acces sambata 14.03.26","714727","45","100","2,5","1"
"714751","Acces duminica 09.11.25","714748","45","0","2,5","1"
"714760","Acces duminica 16.11.25","683797","45","0","2,5","1"
"714790","Acces duminica 17.01.25","714787","45","100","2,5","1"
"715654","Acces duminica 08.03.26","701647","45",NULL,"2,5","1"
"715762","Acces duminica 01.02.26","715759","45",NULL,"2,5","1"
"715812","Acces sambata 14.03.26","715809","45",NULL,"2,5","1"
"717293","Abonament Earlybird - ZONA B","717259","249","0","5%","1"
"717296","Abonament Earlybird - ZONA A","717259","299","0","5%","1"
"717297","Abonament Presale - ZONA B","717259","299","20","5%","1"
"717298","Abonament Presale - ZONA A","717259","349","2","5%","1"
"717302","Abonament Acces - ZONA B","717259","349",NULL,"5%","1"
"717303","Abonament Acces - ZONA A","717259","399",NULL,"5%","1"
"717663","21.11.25 Acces","717650","50","0","6%","1"
"725130","13.12.25 Earlybird","725121","59","0","6%","1"
"725131","13.12.25 Presale","725121","69","0","6%","1"
"725132","13.12.25 Acces","725121","80","0","6%","1"
"725194","13.02.26 Bilet ora 20:30","725185","65","80","6%","1"
"725195","02.11.25 Acces elev/student","725185","50","70","6%","1"
"725216","21.02.26 Bilet ora 20:30","725209","65","78","6%","1"
"725217","14.03.26 Bilet ora 20:30","725209","65","80","6%","1"
"729053","Presale Abonament 4 zile","729043","450",NULL,"5,5%","1"
"729069","Camping cort","729043","50",NULL,"5,5%","1"
"729074","Camping rulota","729043","50",NULL,"5,5%","1"
"732073","25.10.25 Acces ora 19:30","724278","60","0","6%","1"
"734458","Abonament Earlybird","734449","299","0","6%","1"
"735170","16.01.26 Acces","717650","50",NULL,"6%","1"
"735566","Abonament Elev/Student","734449","150","296","6%","1"
"738879","28.11.25 Presale","738874","50","0","5%","1"
"738880","07.03.26 Presale","738874","50","0","5%","1"
"739639","23.11.25 Acces","739632","30","0","2","1"
"739655","09.11.25 Acces","739632","30","0","2","1"
"740622","30.01.26 Earlybird","740597","49","0","6%","1"
"740623","30.01.26 Presale","740597","69",NULL,"6%","1"
"740624","30.01.26 Acces","740597","100",NULL,"6%","1"
"740627","30.01.26 Canapea 10 persoane","740597","50","10","6%","1"
"744963","10.01.26 Normal sale","744957","70","0",,"1"
"744987","27.02.26 Normal sale","744984","70","0",,"1"
"745010","13.03.26 Normal sale","744996","60","0",,"1"
"745479","24.01.26 Acces","772981","35","0","2,5","1"
"748767","Bilet Donatie","748762","110","43","5%","1"
"749492","Acces duminica 01.03.26","749489","45",NULL,"2,5","1"
"750518","Abonament acces 05-07.06.2026","750455","80","89","5%","1"
"751201","Categoria III","751149","40",NULL,"2,5","1"
"751204","Categoria II","751149","50",NULL,"6%","1"
"751214","Categ I","751149","60",NULL,"6%","1"
"754340","Abonament Normal","698920","150",NULL,"6%","1"
"754341","INVITATIE Abonament","698920","0","0",,"1"
"754398","Abonament Presale","698920","135",NULL,"6%","1"
"754877","Earlybird-Taxa participare","754861","1296",NULL,,"1"
"754887","Taxa participare","754861","1449",NULL,,"1"
"755154","Earlybird-Taxa participare","755146","4042",NULL,,"1"
"755160","Taxa participare","755146","4550",NULL,,"1"
"755201","Categoria III","755198","40","0","2,5","1"
"755202","Categoria II","755198","50","0","6%","1"
"755212","Categoria I","755198","60","0","6%","1"
"755312","09.01.26 Acces","755306","40",NULL,"2,5","1"
"755524","01.12.25 Acces","739632","35","0","2,5","1"
"755525","03.01.26 Acces","739632","35","70","2,5","1"
"755539","21.12.25 Acces","739632","35","0","2,5","1"
"755543","21.12.25 Acces grup","739632","30","0","2","1"
"755551","27.12.25 Acces","739632","35","0","2,5","1"
"755552","03.01.26 Acces grup","739632","30","69","2,5","1"
"756325","Abonament Categoria ”1 Decembrie”","756306","80","0","5%","1"
"756339","Abonament Categoria ”Blind Bird”","756306","100",NULL,"5%","1"
"756353","Abonament Categoria ”Regular Sale”","756306","125",NULL,"5%","1"
"756354","Abonament Categoria ”Before the revolution”","756306","150",NULL,"5%","1"
"756360","Abonament Categoria ”Revolution”","756306","180",NULL,"5%","1"
"756368","Suport artist","686557","40","100","2,5","1"
"756388","Bilet Standard - ziua 2 sambata","756306","70",NULL,"5%","1"
"756396","Bilet Standard - ziua 3 duminica","756306","70",NULL,"5%","1"
"758367","30.01.26 Earlybird","758364","79","0","6%","1"
"758368","30.01.26 Presale","758364","89",NULL,"6%","1"
"758370","30.01.26 Normal Acces","758364","100",NULL,"6%","1"
"758383","31.01.26 Earlybird","758380","79","0","6%","1"
"758384","31.01.26 Presale","758380","89","0","6%","1"
"758390","31.01.26 Normal Acces","758380","100",NULL,"6%","1"
"758398","12.02.26 Earlybird","758385","79","0","6%","1"
"758399","12.02.26 Presale","758385","89","64","6%","1"
"758403","12.02.26 Normal Acces","758385","100","0","6%","1"
"758404","13.02.26 Earlybird","758400","79","0","6%","1"
"758410","13.02.26 Presale","758400","89",NULL,"6%","1"
"758411","13.02.26 Normal Acces","758400","100",NULL,"6%","1"
"758447","14.02.26 Earlybird","758439","79","0","6%","1"
"758448","14.02.26 Presale","758439","89","31","6%","1"
"758453","14.02.26 Normal Acces","758439","100","6","6%","1"
"758463","06.03.26 Earlybird","758458","79","0","6%","1"
"758466","06.03.26 Presale","758458","89",NULL,"6%","1"
"758467","06.03.26 Normal Acces","758458","100",NULL,"6%","1"
"758469","07.03.26 Earlybird","758461","79","0","6%","1"
"758487","07.03.26 Presale","758461","89",NULL,"6%","1"
"758500","07.03.26 Normal Acces","758461","100","0","6%","1"
"758511","08.03.26 Earlybird","758501","79","0","6%","1"
"758512","08.03.26 Presale","758501","89",NULL,"6%","1"
"758513","08.03.26 Normal Acces","758501","100",NULL,"6%","1"
"758523","20.03.26 Earlybird","758514","79","0","6%","1"
"758524","20.03.26 Presale","758514","89","4","6%","1"
"758525","20.03.26 Normal Acces","758514","100","81","6%","1"
"758534","17.04.26 Earlybird","758530","79","0","6%","1"
"758535","17.04.26 Presale","758530","89",NULL,"6%","1"
"758536","17.04.26 Normal Acces","758530","100",NULL,"6%","1"
"758543","19.04.26 Earlybird","758537","79","43","6%","1"
"758547","19.04.26 Presale","758537","89",NULL,"6%","1"
"758552","19.04.26 Normal Acces","758537","100",NULL,"6%","1"
"758563","09.05.26 Earlybird","758553","79","41","6%","1"
"758564","09.05.26 Presale","758553","89",NULL,"6%","1"
"758565","09.05.26 Normal Acces","758553","100",NULL,"6%","1"
"758580","22.05.26 Earlybird","758572","79","34","6%","1"
"758581","22.05.26 Presale","758572","89",NULL,"6%","1"
"758588","22.05.26 Normal Acces","758572","100",NULL,"6%","1"
"758593","23.05.26 Earlybird","758589","79","3","6%","1"
"758597","23.05.26 Presale","758589","89",NULL,"6%","1"
"758598","23.05.26 Normal Acces","758589","100",NULL,"6%","1"
"758725","Categoria IV","758722","30",NULL,"2,5","1"
"758726","Categoria III","758722","40",NULL,"2,5","1"
"758727","Categoria II","758722","50",NULL,"6%","1"
"758728","Categoria I","758722","60",NULL,"6%","1"
"758737","Categoria IV","758731","30",NULL,"2,5","1"
"758738","Categoria III","758731","40",NULL,"2,5","1"
"758739","Categoria II","758731","50",NULL,"6%","1"
"758743","Categoria I","758731","60",NULL,"6%","1"
"758876","Categoria III","758870","100",NULL,"5%","1"
"758893","Categoria II","758870","120",NULL,"5%","1"
"758894","Categoria I","758870","150",NULL,"5%","1"
"758986","Categoria III","758976","100",NULL,"5%","1"
"758987","Categoria II","758976","120",NULL,"5%","1"
"758988","Categoria I","758976","150",NULL,"5%","1"
"759088","Categoria III","759077","100",NULL,"5%","1"
"759089","Categoria II","759077","130",NULL,"5%","1"
"759095","Categoria I","759077","150",NULL,"5%","1"
"759465","Categoria III","759430","50",NULL,"6%","1"
"759466","Categoria II","759430","60",NULL,"6%","1"
"759470","Categoria I","759430","70",NULL,"6%","1"
"759878","Bilet o zi - 05.06.2026","750455","50",NULL,"5%","1"
"759883","Bilet o zi - 06.06.2026","750455","50",NULL,"5%","1"
"759920","Categoria IV","759870","90",NULL,"5%","1"
"759924","Categoria III","759870","110",NULL,"5%","1"
"759925","Categoria II","759870","130",NULL,"5%","1"
"759928","Categoria I","759870","150",NULL,"5%","1"
"760071","Categoria III","760048","100",NULL,"5%","1"
"760072","Categoria II","760048","125",NULL,"5%","1"
"760073","Categoria I","760048","150",NULL,"5%","1"
"760102","13.01.26 Presale","760093","50","0","6%","1"
"760408","Categoria I","760404","160",NULL,"5%","1"
"760409","Categoria II","760404","130",NULL,"5%","1"
"760414","Categoria III","760404","100",NULL,"5%","1"
"760453","08.01.26 Presale","760450","29",NULL,"2","1"
"760949","Categoria III","760900","100",NULL,"5%","1"
"760950","Categoria II","760900","120",NULL,"5%","1"
"760951","Categoria I","760900","150",NULL,"5%","1"
"761205","07.01.26 Earlybird","761197","90","0","6%","1"
"761206","07.01.26 Presale","761197","120","2","6%","1"
"761207","07.01.26 Acces","761197","120",NULL,"6%","1"
"762799","14.02.26 Bilet ora 17:00","354589","65","76","6%","1"
"762808","14.02.26 Bilet ora 19:00","354589","65","74","6%","1"
"762810","22.02.26 Bilet ora 18:00","573413","65","75","6%","1"
"762811","08.03.26 Bilet ora 18:00","573413","65","0","6%","1"
"762846","23.01.26 Bilet ora 20:30","213195","65","80","6%","1"
"762847","28.03.26 Bilet ora 20:30","213195","65","80","6%","1"
"762871","28.02.26 Bilet ora 18:30","576003","65","74","6%","1"
"762872","21.03.26 Bilet ora 20:30","576003","65","80","6%","1"
"762885","31.01.26 Bilet ora 18:30","441134","65","76","6%","1"
"762888","27.02.26 Bilet ora 20:30","441134","65","77","6%","1"
"762896","22.03.26 Bilet ora 18:00","441134","65","80","6%","1"
"762934","06.03.26 Bilet ora 20:30","713553","60","0","6%","1"
"763010","01.03.26 Bilet ora 19:00","724278","65","80","6%","1"
"763186","28.01.26 Acces","763159","80","24","6%","1"
"763195","80 lei Acces cash","763159","0","0",,"1"
"763208","29.01.26 Acces","763165","80","53","6%","1"
"763209","80 lei Acces cash","763165","0","0",,"1"
"763610","21.02.26 Presale","725121","69",NULL,"6%","1"
"763611","21.02.26 Acces","725121","80",NULL,"6%","1"
"763669","06.02.26 Acces ora 19:00","763635","70","0","5%","1"
"763672","15.03.26 Acces ora 19:00","763635","70","0","6%","1"
"763742","12.12.25 Acces ora 19:00","763726","65","0","5%","1"
"763744","13.03.26 Acces ora 19:00","763726","70","50","6%","1"
"763747","20.02.26 Acces ora 19:00 ANULAT","763726","70","0","5%","1"
"763800","12.02.26 Acces ora 19:00","763777","85","0","5%","1"
"763804","05.03.26 Acces ora 19:00","763777","85","0","6%","1"
"763810","21.03.26 Acces ora 19:00","763777","85","50","6%","1"
"763828","13.02.26 Acces ora 19:00","763819","85","0","5%","1"
"763829","15.01.26 Acces ora 19:00","763819","85","0","5%","1"
"763831","06.03.26 Acces ora 19:00","763819","85","50","6%","1"
"763856","07.02.26 Acces ora 19:00","763838","70","0","5%","1"
"763857","11.03.26 Acces ora 19:00","763838","70","0","6%","1"
"763863","25.03.26 Acces ora 19:00","763838","70","50","6%","1"
"763949","15.02.26 Acces ora 19:00","763858","85","50","5%","1"
"763959","07.03.26 Acces ora 19:00","763858","85","49","6%","1"
"763974","20.03.26 Acces ora 19:00","763858","85","50","6%","1"
"763975","18.02.26 Acces ora 19:00","763877","70","0","5%","1"
"763992","11.01.26 Acces ora 19:00","763877","70","0","5%","1"
"763996","18.01.26 Acces ora 15:00","763877","70","0","5%","1"
"764039","08.01.26 Acces ora 19:00","764030","70","0","5%","1"
"764040","24.01.26 Acces ora 19:00","764030","70","0","5%","1"
"764063","22.03.26 Acces ora 19:00","764041","70","50","6%","1"
"764070","18.01.26 Acces ora 19:00","764041","70","0","5%","1"
"764081","08.03.26 Acces ora 19:30","764097","100","47","6%","1"
"764092","22.03.26 Acces ora 15:00","764071","70","50","6%","1"
"764752","Acces","764748","60",NULL,"6%","1"
"764847","16.01.26 Presale","764818","40","38","2,5","1"
"764858","16.01.26 Acces","764818","50",NULL,"6%","1"
"766807","Categ.III","766801","40",NULL,"2,5","1"
"766812","Categ.II","766801","50",NULL,"6%","1"
"766813","Categ.I","766801","60",NULL,"6%","1"
"766847","Categ.IV","766840","30",NULL,"2,5","1"
"766853","Categ.III","766840","40",NULL,"2,5","1"
"766854","Categ.II","766840","50",NULL,"6%","1"
"766855","Categ.I","766840","60",NULL,"6%","1"
"767557","Xmas Pack -25% Off","700245","320",NULL,"4,5%","1"
"767650","Xmas Wave","700245","320",NULL,"4,5%","1"
"768067","Categoria I","751149","60",NULL,"6%","1"
"768839","12.02.26 Acces","768834","50",NULL,"6%","1"
"768847","12.02.26 Presale","768834","39",NULL,"2,5","1"
"769107","Bilet Donatie","769100","150","100","5%","1"
"769160","Bilet Donatie","769152","150","73","5%","1"
"769312","03.01.26 Acces","769291","30","0","2,5","1"
"769892","Categoria IV","769872","100",NULL,"5%","1"
"769895","Categoria III","769872","140",NULL,"5%","1"
"769896","Categoria II","769872","190",NULL,"5%","1"
"769897","Categoria I","769872","270",NULL,"5%","1"
"769935","07.02.26 Acces","530033","65","55","6%","1"
"770089","07.02.26 Acces","770069","50",NULL,"3","1"
"770434","16.01.25 Presale","770429","40","67","2,5","1"
"770441","16.01.25 Acces","770429","50","90","2,5","1"
"770445","16.01.25 INVITATIE","770429","0","0",,"1"
"770844","07.02.26 Acces ora 15:00","770837","40",NULL,"2,5","1"
"771289","13-14.03.26 Earlybird","771254","90","20","5%","1"
"771290","13-14.03.26 Presale","771254","120","38","5%","1"
"771293","13-14.03.26 Acces","771254","150","159","5%","1"
"771669","Abonament Blind Tickets","771658","130","98","6%","1"
"772490","Categoria III","772484","40",NULL,"2,5","1"
"772491","Categoria II","772484","50",NULL,"6%","1"
"772492","Categoria I","772484","60",NULL,"6%","1"
"772509","Categ.III","772503","40",NULL,"2,5","1"
"772518","Categ.II","772503","50",NULL,"6%","1"
"772533","Categ.I","772503","60",NULL,"6%","1"
"772948","Acces miercuri 07.01.26","692356","45",NULL,"2,5","1"
"773814","Categoria III","773811","40",NULL,"2,5","1"
"774226","Categoria II","773811","50",NULL,"6%","1"
"774227","Categoria I","773811","60",NULL,"6%","1"
"774247","31.01.26 Acces fara loc","774234","70","29","6%","1"
"774270","Separeu (la masa de 4 persoane)","774256","60","0","5%","1"
"774275","Separeu (la masa de 6 persoane)","774256","60","0","5%","1"
"774282","Acces FARA LOC","774256","50","0","5%","1"
"774283","Sala Principala (la masa de 6 persoane)","774256","70","0","5%","1"
"774284","Sala Principala (la masa de 5 persoane)","774256","70","0","5%","1"
"774285","Sala Principala (la masa de 4 persoane)","774256","70","0","5%","1"
"774500","Categoria II","774495","50",NULL,"6%","1"
"774501","CategoriaI","774495","50",NULL,"6%","1"
"774516","Categ.III","774510","40",NULL,"2,5","1"
"774521","Categ.II","774510","50",NULL,"6%","1"
"774522","Categ.I","774510","60",NULL,"6%","1"
"774536","Categoria III","774533","40",NULL,"2,5","1"
"774537","Categoria II","774533","50",NULL,"6%","1"
"774538","Categoria I","774533","60",NULL,"6%","1"
"774551","Categ.III","774549","40",NULL,"2,5","1"
"774556","Categ.II","774549","50",NULL,"6%","1"
"774557","Categ.I","774549","60",NULL,"6%","1"
"774610","Categoria IV","774607","30",NULL,"2,5","1"
"774614","Categoria III","774607","40",NULL,"2,5","1"
"774615","Categoria II","774607","50",NULL,"6%","1"
"774620","Categoria I","774607","60",NULL,"6%","1"
"774833","27.02.26 Bilet ora 18:30","774828","65","76","6%","1"
"774834","14.03.26 Bilet ora 18:30","774828","65","79","6%","1"
"774840","26.04.26 Bilet ora 18:30","774828","65","80","6%","1"
"776099","Abonament THE BLINDEST BLIND","776088","160","0","6%","1"
"776278","ABONAMENT ALMOST BLIND","776088","180","0","6%","1"
"776283","ABONAMENT EARLY BIRD","776088","210","487","6%","1"
"776287","ABONAMENT PRE SALE","776088","260","997","6%","1"
"776298","ABONAMENT REGULAR","776088","320","1000","6%","1"
"776299","ABONAMENT LA ACCES","776088","370","500","6%","1"
"776365","BILET DE O ZI ON-LINE - 10 iulie","776088","180","500","6%","1"
"776369","BILET DE O ZI ON-LINE - 11 iulie","776088","180","500","6%","1"
"776376","BILET DE O ZI ON-LINE - 12 iulie","776088","180","500","6%","1"
"776421","BILET DE O ZI LA ACCES - 10 iulie","776088","220","500","6%","1"
"776422","BILET DE O ZI LA ACCES - 11 iulie","776088","220","500","6%","1"
"776427","BILET DE O ZI LA ACCES - 12 iulie","776088","220","500","6%","1"
"776428","ABONAMENT FAMILY 2+1","776088","800","100","6%","1"
"776429","Abonament VIP","776088","1100","10","6%","1"
"776831","ABONAMENT FAMILY 2+2","776088","1000","100","6%","1"
"776832","ABONAMENT VALENTINES DAY – 2 PERSOANE","776088","340","0","6%","1"
"776837","ABONAMENT 8 MARTIE","776088","200","49","6%","1"
"776838","ABONAMENT 1-6 mai Last picnic","776088","250","60","6%","1"
"777346","Categoria III","777342","40",NULL,"2,5","1"
"777348","Categoria II","777342","50",NULL,"6%","1"
"777349","Categoria I","777342","60",NULL,"6%","1"
"777361","Categ.III","777356","40",NULL,"2,5","1"
"777362","Categ.II","777356","50",NULL,"6%","1"
"777363","Categ.I","777356","60",NULL,"6%","1"
"777397","Categoria IV","777374","30",NULL,"2,5","1"
"777401","Categoria III","777374","40",NULL,"2,5","1"
"777402","Categoria II","777374","50",NULL,"6%","1"
"777403","Categoria I","777374","60",NULL,"6%","1"
"777483","31.01.26 Presale","777474","60","0","5%","1"
"777488","31.01.26 Acces","777474","70","65","5%","1"
"777546","24.01.26 Acces","777532","50",NULL,"6%","1"
"777718","Acces duminica 11 ianuarie","777710","45","100","2,5","1"
"777740","Presale Bilet o zi - 23.01.26","698920","90",NULL,"6%","1"
"777741","Presale Bilet o zi - 24.01.26","698920","90",NULL,"6%","1"
"777806","13.01.26 Acces","760093","80","98","6%","1"
"777927","Categ.III","777922","100",NULL,"5%","1"
"777931","Categ.II","777922","120",NULL,"5%","1"
"777935","Categ.I","777922","150",NULL,"5%","1"
"777941","INVITATIE","777922","0",NULL,,"1"
"778016","16.01.26 Presale","778011","50",NULL,"6%","1"
"778020","16.01.26 Acces","778011","60",NULL,"6%","1"
"778042","17.01.26 Presale","778027","50",NULL,"6%","1"
"778046","17.01.26 Acces","778027","60",NULL,"6%","1"
"778409","25.02.26 Earlybird","778404","59","0","6%","1"
"778410","25.02.26 Presale","778404","69",NULL,"6%","1"
"778411","25.02.26 Acces","778404","80",NULL,"6%","1"
"778419","10.01.26 Presale","778415","30","19","2,5","1"
"778420","10.01.26 Acces","778415","35","15","2,5","1"
"778464","17.01.26 Presale","778457","75","32","6%","1"
"778465","17.01.26 Acces","778457","80","25","6%","1"
"779150","21.02.26 Acces","779142","40","0","2,5","1"
"779151","21.02.26 Oferta Grup","779142","35","0","2,5","1"
"779154","08.02.26 Oferta Grup","779142","35","0","2,5","1"
"779155","08.02.26 Acces","779142","40","0","2,5","1"
"779188","Presale","779178","65","117","6%","1"
"779259","Acces","779178","80","160","6%","1"
"779315","17.01.26 Acces","739632","35","78","2,5","1"
"779316","07.02.26 Acces grup","739632","35","50","2,5","1"
"779332","25.01.26 Acces","779323","40","142","2,5","1"
"779337","25.01.26 Oferta Grup","779323","35","143","2,5","1"
"779346","18.01.26 Acces","779342","35","0","2,5","1"
"779349","18.01.26 Oferta Grup","779342","30","0","2,5","1"
"779350","31.01.26 Acces","779342","35","0","2,5","1"
"779351","31.01.26 Oferta Grup","779342","30",NULL,"2,5","1"
"779704","10.01.26 Last minute","744957","90","92",,"1"
"779905","10.01.26 Acces","779895","20","237","2","1"
"779931","Categoria I","779928","60",NULL,"6%","1"
"779937","Categoria II","779928","50",NULL,"6%","1"
"779938","Categoria III","779928","40",NULL,"2,5","1"
"779978","Categ.III","779971","40",NULL,"2,5","1"
"779986","Categ.II","779971","50",NULL,"6%","1"
"779989","Categ.I","779971","60",NULL,"6%","1"
"780016","08.01.26 Acces","760450","50",NULL,"6%","1"
"780143","Bilet Donatie","780136","100","97","5%","1"
"780308","23.01.26 Acces","780299","80",NULL,"6%","1"
"780342","21.02.26 Acces","780338","70","11","6%","1"
"780367","Bilet Donatie","780355","100","56","5%","1"
"780490","Acces duminica 11.01.26","682161","45","100","2,5","1"
"780511","Acces duminica 25.01.26","683720","45","96","2,5","1"
"780632","14.03.26 Acces grup","780621","35","80","2,5","1"
"780633","18.01.26 Acces","780621","40","0","2,5","1"
"780672","Categoria III","782603","40",NULL,"2,5","1"
"781258","Acces sambata 31.01.26","694576","45","100","2,5","1"
"781273","Acces sambata 14.02.26","781259","45",NULL,"2,5","1"
"781385","26.03.26 Acces ora 19:00","764030","70","50","6%","1"
"781403","08.02.26 Acces ora 19:00","764097","100","50","5%","1"
"781435","Bilet Donatie","781426","120","87","5%","1"
"781508","15.01.26 Acces General","781625","70","144","5%","1"
"781528","15.01.26 Acces VIP","781625","90","95","5%","1"
"781653","21.01.26 Presale cu loc la masa","781598","59","90","5%","1"
"781778","21.02.26 Acces ora 19:00","763777","85","0","5%","1"
"781792","22.02.26 Acces ora 19:00","763838","70","0","5%","1"
"781818","14.02.26 Acces ora 19:00","781807","70","0","5%","1"
"781819","01.03.26 Acces ora 15:00","781807","70","0","6%","1"
"781836","27.02.26 Acces ora 19:00 Anulat","763858","85","0","5%","1"
"781850","26.02.26 Acces ora 19:00 ANULAT","763877","70","0","5%","1"
"781860","19.02.26 Acces ora 19:00","764041","70","48","5%","1"
"781875","01.03.26 Acces ora 19:00","764041","70","50","6%","1"
"781891","22.02.26 Acces ora 15:00","764071","70","50","5%","1"
"782240","Taxă de participare - FEMEI","782231","119","0","5%","1"
"782244","Taxă de participare - BARBATI","782231","119","0","5%","1"
"782251","After Party - FEMEI","782231","49","30","2,5","1"
"782283","After Party - BARBATI","782231","49","25","2,5","1"
"782360","29.01.26 Earlybird","782351","40","0","2,5","1"
"782369","29.01.26 General","782351","50","31","5,5%","1"
"782382","29.01.26 Late Bird","782351","70","3","5,5%","1"
"782634","Categoria I","782603","60",NULL,"6%","1"
"782938","30.01.26 Presale","782935","100","96","6%","1"
"782939","30.01.26 Acces","782935","120",NULL,"6%","1"
"783186","Categ.III","783175","30",NULL,"2","1"
"783192","Categ.II","783175","40",NULL,"2,5","1"
"783193","Categ.I","783175","50",NULL,"6%","1"
"783245","Acces duminica 31.01.26","783237","45",NULL,"2,5","1"
"783282","Acces duminica 15.03.26","783278","45",NULL,"2,5","1"
"783374","24.01.26 Taxa earlybird","783364","70","0","5%","1"
"783399","24.01.26 Last Minute","783364","35","30","2,5","1"
"783417","Categ.III","783403","40",NULL,"2,5","1"
"783418","Categ.II","783403","50",NULL,"6%","1"
"783420","Categ.I","783403","60",NULL,"6%","1"
"783426","Categ.III","783405","30",NULL,"2","1"
"783427","Categ.II","783405","40",NULL,"2,5","1"
"783428","Categ.I","783405","50",NULL,"6%","1"
"783468","Categoria III","783462","40",NULL,"2,5","1"
"783474","Categoria II","783462","50",NULL,"6%","1"
"783475","Categoria I","783462","60",NULL,"6%","1"
"784054","Categoria III","784048","40",NULL,"2,5","1"
"784058","Categoria II","784048","50",NULL,"6%","1"
"784061","Categoria I","784048","60",NULL,"6%","1"
"784075","Categ.III","783565","40",NULL,"2,5","1"
"784085","Categ.II","783565","50",NULL,"6%","1"
"784094","Categ.I","783565","60",NULL,"6%","1"
"784110","Categoria III","783578","30",NULL,"2","1"
"784111","Categoria II","783578","40",NULL,"2,5","1"
"784112","Categoria I","783578","50",NULL,"6%","1"
"784156","Categ.III","784139","40",NULL,"2,5","1"
"784158","Categ.II","784139","50",NULL,"6%","1"
"784161","Categ.I","784139","60",NULL,"6%","1"
"784183","31.10.26 Acces","784159","50",NULL,"6%","1"
"784190","Categ.III","784184","40",NULL,"2,5","1"
"784197","Categ.II","784184","50",NULL,"6%","1"
"784198","Categ.I","784184","60",NULL,"6%","1"
"785458","Categoria III","783568","40",NULL,"2,5","1"
"785459","Categoria II","783568","50",NULL,"6%","1"
"785460","Categoria I","783568","60",NULL,"6%","1"
"785483","Categ.III","785152","40",NULL,"2,5","1"
"785491","Categ.II","785152","50",NULL,"6%","1"
"785492","Categ.I","785152","60",NULL,"6%","1"
"785551","Categ.III","785182","40",NULL,"2,5","1"
"785569","Categ.II","785182","50",NULL,"6%","1"
"785571","Categ.I","785182","60",NULL,"6%","1"
"785626","Categ.III","785621","100",NULL,"5%","1"
"785627","Categ.II","785621","120",NULL,"5%","1"
"785628","Categ.I","785621","150",NULL,"5%","1"
"785647","Categoria III","785197","40",NULL,"2,5","1"
"785648","Categoria II","785197","50",NULL,"6%","1"
"785649","Categoria I","785197","60",NULL,"6%","1"
"785669","30.01.26 Acces","785651","70",NULL,"5%","1"
"785703","Cat.II","785681","50",NULL,"6%","1"
"785706","Categ.I","785681","50",NULL,"6%","1"
"785749","29.01.26 Presale","785736","50","25","5%","1"
"785763","29.01.26 Acces","785736","70","38","5%","1"
"785784","Acces duminica 25.01.26","785778","45","47","2,5","1"
"785817","Categoria IV","785808","30",NULL,"2,5","1"
"785821","Categoria III","785808","40",NULL,"2,5","1"
"785823","01.02.26 Acces","785812","30",NULL,"2","1"
"785825","Categoria II","785808","50",NULL,"6%","1"
"785827","01.02.26 Oferta grup 4 persoane","785812","25",NULL,"2","1"
"785828","Categoria I","785808","60",NULL,"6%","1"
"785909","Categoria III","783573","40",NULL,"2,5","1"
"785914","Categoria II","783573","50",NULL,"6%","1"
"785915","Categoria I","783573","60",NULL,"6%","1"
"785978","05.02.26 Presale Etaj","785973","50","0","5%","1"
"786010","Acces la masa ____ loc ___","780299","0","0",,"1"
"786368","12.02.26 Acces","786325","50",NULL,"6%","1"
"786596","29.01.26 Acces","786592","60",NULL,"6%","1"
"786606","50 lei Acces cash","764818","0","0",,"1"
"786797","24.01.26 Presale","786786","75","0","5%","1"
"786803","24.01.26 Acces","786786","90","0","5%","1"
"786834","07.02.26 Presale","786824","150","0","6%","1"
"786839","07.02.26 Acces","786824","180","1","6%","1"
"787048","Bilet o zi - 24.01.26","698920","100",NULL,"6%","1"
"787049","Bilet o zi - 23.01.26","698920","100",NULL,"6%","1"
"787381","05.02.26 Presale Parter","785973","70","0","5%","1"
"787390","05.02.26 Acces","785973","80","0","5%","1"
"787534","31.01.26 Presale","787530","65","10","6%","1"
"787544","31.01.26 Acces","787530","75","20","6%","1"
"787600","Categ.III","787589","70",NULL,"5%","1"
"787613","Categ.II","787589","90",NULL,"5%","1"
"787614","Categ.I","787589","110",NULL,"5%","1"
"787950","13.02.26 Acces","787939","70","391","6%","1"
"787957","28.02.26 Acces","787935","70","146","6%","1"
"788322","22.01.26 Acces","788310","65",NULL,"6%","1"
"788354","22.09.25 Presale","788310","49",NULL,"6%","1"
"788412","22.02.26 Acces","788397","40","46","2,5","1"
"788419","22.02.26 Oferta grup","788397","35","56","2,5","1"
"788483","08.03.26 Presale","788474","69",NULL,"6%","1"
"788554","14.02.26 Presale","788545","60","0","6%","1"
"788555","14.02.26 Normal acces","788545","80","11","6%","1"
"788842","20.03.26 Acces","788833","50",NULL,"6%","1"
"789016","21.02.26 Presale","789010","70","0","6%","1"
"789025","INVITATIE (2 persoane)","734449","0","0",,"1"
"789160","25.01.26 Presale","789152","100","47",,"1"
"789161","25.01.26 Acces","789152","130","50",,"1"
"789625","INVITATIE","779178","0","0",,"1"
"790105","21.02.26 Acces","789010","90","0","6%","1"
"790133","Categoria III","790125","100",NULL,"5%","1"
"790134","Categoria II","790125","130",NULL,"5%","1"
"790135","Categoria I","790125","150",NULL,"5%","1"
"790168","13.02.26 Presale","790157","39",NULL,"2,5","1"
"790169","13.02.26 Acces","790157","50",NULL,"6%","1"
"790863","14.03.26 Acces","780621","40","77","2,5","1"
"791349","31.01.26 Acces","791341","50",NULL,"6%","1"
"791350","Acces la masa ____ loc ___","791341","0","0",,"1"
"791394","07.02.26 Acces","791378","60",NULL,,"1"
"791395","Acces la masa ____ loc ___","791378","0","0",,"1"
"791445","20.02.26 Acces","791424","69","20","5%","1"
"791451","21.02.26 Acces","791447","69","14","5%","1"
"791512","30.01.26 Acces","791493","60","49","6%","1"
"791685","Cat.I","785681","60",NULL,"6%","1"
"791686","Cat.III","785681","40",NULL,"2,5","1"
"791696","Categoria III","774495","40",NULL,"2,5","1"
"791697","Categoria I","774495","60",NULL,"6%","1"
"791749","07.02.26 Acces","791743","80","43","5%","1"
"791783","05.02.26 Acces","791768","100",NULL,"6%","1"
"791800","06.02.26 Acces","791784","100",NULL,"6%","1"
"791810","07.02.26 Acces","791801","100","0","6%","1"
"791897","Taxa de participare Standard","791873","190","48","6%","1"
"791898","Taxa de participare VIP","791873","279","50","6%","1"
"792074","29.01.26 Presale","792059","55","0","6%","1"
"792159","Categoria III","792149","70",NULL,"5%","1"
"792164","Categoria II","792149","90",NULL,"5%","1"
"792167","Categoria I","792149","110",NULL,"5%","1"
"792590","Acces Copii sambata 24.01.26","792561","60","15","6%","1"
"792594","Acces Adulti sambata 24.01.26","792561","35","10","2,5","1"
"792618","Acces Copii sambata 31.01.26","792606","60","13","6%","1"
"792619","Acces Adulti sambata 31.01.26","792606","35","7","2,5","1"
"792695","04.02.26 Acces","792673","50","3","5%","1"
"792714","Abon. Earlybird","792707","120",NULL,"5%","1"
"792731","Abonament Presale","792707","200",NULL,"5%","1"
"792736","Abonament General","792707","270",NULL,"5%","1"
"792763","26.02.26 Presale","792748","40","16","2,5","1"
"792764","26.02.26 Acces","792748","60","129","6%","1"
"792786","30.01.26 bilet promotie","792767","15","46","2","1"
"792812","30.01.26 acces","792767","30","195","2","1"
"792903","Categoria III","792886","60",NULL,"5%","1"
"792904","Categoria II","792886","80",NULL,"5%","1"
"792905","Categoria I","792886","100",NULL,"5%","1"
"792952","15.02.26 Acces","792948","69","48","6%","1"
"792985","22.02.26 Acces","792966","69","34","6%","1"
"793417","09.02.26 Presale","793406","69","9","6%","1"
"793426","06.02.26 Acces","793412","75","128","6%","1"
"793603","08.03.26 Acces","779342","40","80","2,5","1"
"793604","08.03.26 Oferta Grup","779342","35","75","2,5","1"
"793605","22.03.26 Acces","779342","40","76","2,5","1"
"793614","22.03.26 Oferta Grup","779342","35","80","2,5","1"
"793666","30.01.26 Bilet ora 20:30","793645","70","60","6%","1"
"793728","Acces in 06.02.26","786211","40","66","2,5","1"
"793839","14.02.26 Presale","793828","300","53","5%","1"
"793855","14.02.26 Acces","793828","350","0","5%","1"
"794023","13.03.26 Earlybird","794014","59","0","6%","1"
"794024","13.03.26 Presale","794014","69","92","6%","1"
"794026","13.03.26 Acces","794014","80","91","6%","1"
"794036","14.03.26 Earlybird","794025","59","0","6%","1"
"794037","14.03.26 Presale","794025","69",NULL,"6%","1"
"794038","14.03.26 Acces","794025","80",NULL,"6%","1"
"794237","100 lei Acces cash","782935","0","0",,"1"
"794322","Abonament Earlybird","792707","120",NULL,"5%","1"
"794502","Categ.III","794471","40",NULL,"2,5","1"
"794503","Categ.II","794471","50",NULL,"6%","1"
"794504","Categ.I","794471","60",NULL,"6%","1"
"794735","Categoria III","794730","40",NULL,"2,5","1"
"794742","Categ. II","794730","50","0","6%","1"
"794743","Categ. I","794730","60","-3","6%","1"
"794997","Categoria IV","794958","30",NULL,"2,5","1"
"795001","Categoria III","794958","40",NULL,"2,5","1"
"795002","Categoria II","794958","50",NULL,"6%","1"
"795016","Categoria I","794958","60",NULL,"6%","1"
"795096","14.02.26 Acces","795072","60",NULL,"6%","1"
"795186","Categoria III","795169","40",NULL,"2,5","1"
"795190","Categoria II","795169","50",NULL,"6%","1"
"795191","Categoria I","795169","60",NULL,"6%","1"
"795282","14.03.26 Acces","795277","80",NULL,"6%","1"
"795426","05.03.26 Presale","795418","50",NULL,"5%","1"
"795430","05.03.26 Acces","795418","80",NULL,"5%","1"
"795691","13.02.26 Suport Artist","795679","70",NULL,"6%","1"
"795766","27.02.26 Presale","795756","80","140","5%","1"
"795770","27.02.26 Acces","795756","90","180","5%","1"
"795969","01.03.26 Suport Artist","795920","30",NULL,"2,5","1"
"796069","08.05.26 Earlybird","796048","79","36","6%","1"
"796077","08.05.26 Presale","796048","89",NULL,"6%","1"
"796081","08.05.26 Normal Acces","796048","100",NULL,"6%","1"
"796315","13.03.26 Acces fara loc","796298","70","46","6%","1"
"796341","14.03.26 Acces fara loc","796323","70","93","6%","1"
"796472","Bilet Donatie I","796454","80",NULL,"6%","1"
"797037","07.02.26 Presale","797025","50","9","5%","1"
"797041","07.02.26 Acces","797025","60","238","5%","1"
"797169","01.02.26 Acces","772981","35","63","2,5","1"
"797478","20.02.26 Presale","797432","70",NULL,"6%","1"
"797487","20.02.26 Acces","797432","90",NULL,"6%","1"
"797488","21.02.26 Presale","797463","70",NULL,"6%","1"
"797512","21.02.26 Acces","797463","90",NULL,"6%","1"
"797544","27.02.26 Presale","797502","70",NULL,"6%","1"
"797547","27.02.26 Acces","797502","90",NULL,"6%","1"
"797548","28.02.26 Presale","797517","70",NULL,"6%","1"
"797552","28.02.26 Acces","797517","90",NULL,"6%","1"
"797595","27.03.26 Acces fara loc","797579","70","137","6%","1"
"797725","13.02.26 Presale","797714","70",NULL,"6%","1"
"797751","13.02.26 Acces","797714","80",NULL,"6%","1"
"799257","Taxa de participare","799249","129","20","6%","1"
"799446","27.02.26 Presale","799439","50",NULL,"6%","1"
"799450","27.02.26 Acces","799439","60",NULL,"6%","1"
"799496","Categoria III","799483","100",NULL,"5%","1"
"799497","Categoria II","799483","130",NULL,"5%","1"
"799498","Categoria I","799483","150",NULL,"5%","1"
"799602","Categoria III","799586","70",NULL,"5%","1"
"799603","Categoria II","799586","90",NULL,"5%","1"
"799605","Categoria I","799586","110",NULL,"5%","1"
"799676","Categ.III","799668","100",NULL,"5%","1"
"799680","Categ.II","799668","130",NULL,"5%","1"
"799687","Categ.I","799668","150",NULL,"5%","1"
"799750","Acces duminica 01.02.26","799743","45",NULL,"2,5","1"
"799772","Acces duminica 29.03.26","799767","45",NULL,"2,5","1"
"799806","Acces duminica 10.05.26","799796","45",NULL,"2,5","1"
"799820","Acces duminica 10.05.26","714748","45","100","2,5","1"
"799841","Acces duminica 31.05.26","683797","45","100","2,5","1"
"799859","Acces duminica 15.02.26","799839","45","100","2,5","1"
"800101","14.03.26 Presale","800056","40","119","2,5","1"
"800120","14.03.26 Acces","800056","45","140","6%","1"
"800475","Presale Bilet Vineri 27 martie 2026– ZONA B","717259","160",NULL,"5%","1"
"800489","Acces Bilet Vineri 27 martie 2026– ZONA B","717259","190",NULL,"5%","1"
"800495","Presale Sâmbătă 28 martie 2026 – ZONA B","717259","180",NULL,"5%","1"
"800502","Acces Sâmbătă 28 martie 2026 – ZONA B","717259","210",NULL,"5%","1"
"800505","Presale Bilet Duminică 29 martie 2026– ZONA B","717259","160",NULL,"5%","1"
"800509","Acces Bilet Duminică 29 martie 2026– ZONA B","717259","190",NULL,"5%","1"
"800608","05.02.26 Acces","800600","60",NULL,"6%","1"
"800782","06.03.26 Earlybird","800776","59","0","6%","1"
"800792","06.03.26 Presale","800776","69",NULL,"6%","1"
"800810","27.02.26 Earlybird","800784","59","23","6%","1"
"800814","27.02.26 Presale","800784","69",NULL,"6%","1"
"800820","27.02.26 Acces","800784","80",NULL,"6%","1"
"800824","27.02.26 Elev/Student Acces 2 persoane","800784","100","30","6%","1"
"800909","Abonament Presale","734449","350","297","6%","1"
"800978","Acces la masa ____ loc ___","795679","0","0",,"1"
"801025","Abonament Blind","800982","145","388","6%","1"
"801050","Abonament Earlybird","800982","175","493","6%","1"
"801252","Taxă de participare - FEMEIE","801230","119","0","5%","1"
"801265","Bilet Donatie II","796454","100",NULL,"6%","1"
"801272","Taxă de participare - BARBAT","801230","119","2","5%","1"
"801476","Categoria 1","801452","300",NULL,,"1"
"801492","Categoria 2","801452","270",NULL,,"1"
"801494","Categoria VIP","801452","350",NULL,,"1"
"801504","Categoria 3","801452","220",NULL,,"1"
"801505","Categoria 4","801452","180",NULL,,"1"
"801511","Acces general","801452","110","150",,"1"
"801939","28.02.26 Presale","801926","50","0","5,5%","1"
"801944","28.02.26 Acces","801926","70","89","5,5%","1"
"802052","Acces Copii duminica 01.02.26","801330","60","10","6%","1"
"802062","Acces Adulti duminica 01.02.26","801330","35","13","2,5","1"
"802068","Acces Copii sambata 14.02.26 ora 11","801983","60","10","6%","1"
"802069","Acces Adulti sambata 14.02.26 ora 11","801983","35","13","2,5","1"
"802075","Acces Copii sambata 07.02.26","801399","60","10","6%","1"
"802080","Acces Adulti sambata 07.02.26","801399","35","11","2,5","1"
"802086","Acces Copii sambata 07.02.26 ora 11","801358","60","7","6%","1"
"802090","Acces Adulti sambata 07.02.26 ora 11","801358","35","10","2,5","1"
"802100","Acces Adulti duminica 15.02.26","802010","35","13","2,5","1"
"802101","Acces Copii duminica 15.02.26","802010","60","9","6%","1"
"802131","Acces Adulti sambata 21.02.26","802029","35","13","2,5","1"
"802132","Acces Copii sambata 21.02.26","802029","60","11","6%","1"
"802159","Acces Copii duminica 08.02.26","801424","60","9","6%","1"
"802160","Acces Adulti duminica 08.02.26","801424","35","12","2,5","1"
"802165","Acces Copii sambata 21.02.26 ora 11","802021","60","12","6%","1"
"802166","Acces Adulti sambata 21.02.26 ora 11","802021","35","15","2,5","1"
"802198","Acces Copii sambata 14.02.26","801999","60","9","6%","1"
"802199","Acces Adulti sambata 14.02.26","801999","35","10","2,5","1"
"802209","Acces Copii duminica 22.02.26","802036","60","11","6%","1"
"802210","Acces Adulti duminica 22.02.26","802036","35","13","2,5","1"
"802252","Categ.III","802249","40",NULL,"2,5","1"
"802267","Categ.II","802249","50",NULL,"6%","1"
"802275","Categ.I","802249","60",NULL,"6%","1"
"802386","19.02.26 Presale","802367","59","17","6%","1"
"802390","19.02.26 Acces","802367","70","140","6%","1"
"802468","14.02.26 Acces","802465","60","4","6%","1"
"802691","21.02.26 Presale","802682","60","0","5%","1"
"802694","21.02.26 Earlybird","802682","50","0","5%","1"
"802701","21.02.26 Acces","802682","70","0","5%","1"
"803174","120 lei Acces cash","782935","0","0",,"1"
"803252","Abonament presale 3 zile","803233","60","30","5%","1"
"803454","29.01.26 Acces","792059","70",NULL,"6%","1"
"803680","50 lei Acces cash","784159","0","0",,"1"
"803723","22.02.26 Acces","803701","120",NULL,"5%","1"
"803863","04.03.26 Acces","803855","40",NULL,"2,5","1"
"803873","21.03.26 Acces","803658","60",NULL,"6%","1"
"803916","28.02.26 Presale","803900","49","0","6%","1"
"803920","28.02.26 Acces","803900","55",NULL,"6%","1"
"804774","Acces sambata 21.03.26","804771","45",NULL,"2,5","1"
"804942","20.02.26 Categoria I","804928","50",NULL,"6%","1"
"804943","20.02.26 Categoria II","804928","40",NULL,"2,5","1"
"805105","08.03.26 Acces","788474","80",NULL,"6%","1"
"805868","06.03.26 Presale fara loc","805849","60","0","6%","1"
"805877","06.03.26 Acces fara loc","805849","70","0","6%","1"
"806210","300 lei Acces cash","793828","0","0",,"1"
"807356","02.04.26 Presale","807335","85","900",,"1"
"807361","02.04.26 Acces","807335","100","500",,"1"
"807465","07.02.26 Acces ora 17","807453","60",NULL,,"1"
"807714","02.03.26 Acces","807707","40",NULL,"2,5","1"
"807774","02.04.26 Earlybird","807335","65","30",,"1"
"807792","Acces sambata 21.03.26","807790","45","100","2,5","1"
"807832","Acces duminica 08.02.26","807807","45","50","2,5","1"
"807833","Acces duminica 22.02.26","807820","45","42","2,5","1"
"808051","Suport Artist","808034","30",NULL,"2,5","1"
"808316","06.03.26 Earlybird","808308","50","2",,"1"
"808324","06.03.26 Presale","808308","60","20",,"1"
"808329","06.03.26 Acces","808308","70","73",,"1"
"808407","07.03.26 Bilet fara loc","808390","70","58","6%","1"
"808624","19.02.26 Presale Parter","808619","70","0","5%","1"
"808625","19.02.26 Presale Etaj","808619","60","2","5%","1"
"808630","19.02.26 Acces fără loc","808619","90","3","5%","1"
"808647","07.02.26 Acces","739632","40","42","2,5","1"
"808684","28.02.26 Acces ora 10","772981","35","0","2,5","1"
"808688","28.02.26 Oferta Grup ora 10","772981","30","0","2,5","1"
"808733","Categ.III","808702","60",NULL,"5%","1"
"808738","Categ.II","808702","80",NULL,"5%","1"
"808739","Categ.I","808702","100",NULL,"5%","1"
"808758","07.02.26 INVITATIE","786824","0","0","6%","1"
"808799","14.02.26 Acces VIP","808780","95",NULL,"6%","1"
"808804","14.02.26 Acces","808780","80",NULL,"6%","1"
"808869","20.02.26 Acces VIP","808827","95",NULL,"6%","1"
"808876","20.02.26 Acces","808827","80",NULL,"6%","1"
"808877","08.03.26 Acces VIP","808827","95",NULL,"6%","1"
"808878","08.03.26 Acces","808827","80",NULL,"6%","1"
"809305","Acces la masa ____ loc ___","807453","0","0",,"1"
"809448","13.03.26 Presale","809430","50","0","6%","1"
"809449","13.03.26 Acces","809430","60",NULL,"6%","1"
"809454","14.03.26 Presale","809444","60",NULL,"6%","1"
"809465","14.03.26 Acces","809444","80",NULL,"6%","1"
"809584","15.03.26 Acces fara loc","809570","75","0","6%","1"
"809682","18.02.26 Acces","809677","80","142","6%","1"
"809718","21.02.26 Acces","809712","50",NULL,"6%","1"
"810086","26.02.26 Presale","810075","70","44","6%","1"
"810094","26.02.26 Acces","810075","80","57","6%","1"
"810438","14.02.26 Acces ora 11:00","739632","40","47","2,5","1"
"810439","14.02.26 Acces grup ora 11:00","739632","35","50","2,5","1"
"810443","14.02.26 Acces ora 16:00","739632","40","44","2,5","1"
"810451","14.02.26 Acces grup ora 16:00","739632","35","50","2,5","1"
"810484","14.02.26 bilet promotie","810473","15","0","2","1"
"810485","14.02.26 acces","810473","30","197","2","1"
"810525","14.02.26 bilet promotie","810500","15","0","2","1"
"810540","14.02.26 acces","810500","30","190","2","1"
"810613","14.02.26 Acces ora 17:00","810607","55","0","6%","1"
"810785","06.03.26 Presale","810692","49","33","6%","1"
"810788","06.03.26 Acces","810692","60","158","6%","1"
"810796","07.03.26 Presale","810678","49","2","6%","1"
"810803","07.03.26 Acces","810678","60","154","6%","1"
"810929","17.04.26 Acces","810915","70","140","6%","1"
"810930","17.04.26 Acces elevi/studenti","810915","50","139","6%","1"
"810931","17.04.26 Acces 2 persoane","810915","60","70","6%","1"
"810936","17.04.26 Acces 2 elevi/studenti","810915","45","68","6%","1"
"810970","01.03.26 Acces","810757","100","100","6%","1"
"810994","100 lei Acces cash","791768","0","0",,"1"
"811129","Categoria III","811107","40",NULL,"2,5","1"
"811130","Categoria II","811107","50",NULL,"6%","1"
"811131","Categoria I","811107","60",NULL,"6%","1"
"811161","Acces duminica 15.02.26","811154","45","46","2,5","1"
"811191","Acces sambata 28.02.26","811183","45",NULL,"2,5","1"
"811229","Acces sambata 14.02.26","811221","45",NULL,"2,5","1"
"811278","Acces sambata 21.02.26","811268","45",NULL,"2,5","1"
"811329","22.03.26 Acces","811314","50",NULL,"3","1"
"811500","20.03.26 Earlybird","811399","60","0","6%","1"
"811510","20.03.26 Presale","811399","75","86","6%","1"
"811513","20.03.26 Normal Acces","811399","90","150","6%","1"
"811698","04.03.26 Acces ora 19:00","811673","85","0","6%","1"
"811705","18.03.26 Acces ora 19:00","811673","85","48","6%","1"
"811740","19.03.26 Earlybird","811726","60","0","6%","1"
"811750","19.03.26 Presale","811726","75","363","6%","1"
"811751","19.03.26 Acces","811726","90","399","6%","1"
"811796","15.03.26 Acces","530033","65","60","6%","1"
"811827","28.03.26 Bilet ora 18:30","573330","65","59","6%","1"
"811899","27.03.26 Acces ora 19:00","763777","85","50","6%","1"
"811995","08.03.26 Acces ora 15:00","763877","70","0","6%","1"
"812002","15.03.26 Acces ora 15:00","763877","70","0","6%","1"
"812025","29.03.26 Acces ora 19:00","764097","100","50","6%","1"
"812144","Bilet fără LOC","786824","180","0","6%","1"
"812171","19.03.26 Acces ora 19:00","781807","70","50","6%","1"
"812204","Earlybird - Taxă de participare - FEMEIE","812194","119","31","5%","1"
"812217","Earlybird - Taxă de participare - BARBAT","812194","119","49","5%","1"
"812275","21.02.26 Acces","812254","40",NULL,"2,5","1"
"812379","Suport Artist","812368","40",NULL,"2,5","1"
"812415","21.03.26 Presale","803658","49","81","6%","1"
"812565","08.03.26 Acces","812552","35","47","2,5","1"
"812566","08.03.26 Oferta Grup","812552","30","50","2,5","1"
"812569","22.03.26 Acces","814629","35","50","2,5","1"
"812570","22.03.26 Oferta Grup","814629","30","50","2,5","1"
"814118","23.05.26 Acces General","814110","50","198",NULL,"1"
"814277","28.02.26 Acces","814226","90",NULL,"6%","1"
"814363","15.02.26 Acces","814345","40","50","2,5","1"
"814369","15.02.26 Oferta grup","814345","35","50","2,5","1"
"814527","27.02.26 Acces","814496","50",NULL,"6%","1"
"814565","16.04.26 Earlybird","814544","49","0","2,5","1"
"814580","16.04.26 Canapea 10 locuri","814544","50","30","5%","1"
"814581","16.04.26 Presale","814544","69",NULL,"5%","1"
"814595","16.04.26 Acces","814544","100",NULL,"5%","1"
"814672","15.02.26 Acces","814669","60","0","6%","1"
"814724","28.02.26 Acces ora 11:30","772981","35","0","2,5","1"
"814732","28.02.26 Oferta Grup ora 11:30","772981","30","0","2,5","1"
"814749","14.03.26 Acces","814746","40","91","2,5","1"
"814750","14.03.26 Oferta grup","814746","35","100","2,5","1"
"814777","Wave 2","700245","490",NULL,"4,5%","1"
"815180","Acces la masa ____ loc ___","809712","0","0",,"1"
"815224","Acces la masa ____ loc ___","814226","0","0",,"1"
"815275","Categ.III","815269","40",NULL,"2,5","1"
"815278","Categ.II","815269","50",NULL,"6%","1"
"815281","Categ.I","815269","60",NULL,"6%","1"
"815423","Acces Copii sambata 28.02.26 ora 11","815396","60","20","6%","1"
"815424","Acces Adulti sambata 28.02.26 ora 11","815396","35","24","2,5","1"
"815425","Acces Copii sambata 28.02.26 ora 16:30","815401","60","22","6%","1"
"815426","Acces Adulti sambata 28.02.26 ora 16:30","815401","35","25","2,5","1"
"815430","Acces Copii duminica 01.03.26 ora 11","815418","60","22","6%","1"
"815436","Acces Adulti duminica 01.03.26 ora 11","815418","35","25","2,5","1"
"816105","Categ.III","816091","100",NULL,"5%","1"
"816111","Categ.II","816091","130",NULL,"5%","1"
"816123","Categ.I","816091","150",NULL,"5%","1"
"816302","18.03.26 Presale","816288","59",NULL,"6%","1"
"816303","18.03.26 Acces","816288","70",NULL,"6%","1"
"816938","27.03.26 Presale","816931","70",NULL,"6%","1"
"816944","27.03.26 Earlybird","816931","50",NULL,"6%","1"
"816951","70 lei Acces cash","787935","0","0",,"1"
"817045","28.03.26 Presale","817041","70",NULL,"6%","1"
"817049","28.03.26 Early bird","817041","50",NULL,"6%","1"
"817259","Categ.III","817246","40",NULL,"2,5","1"
"817260","Categ.II","817246","50",NULL,"6%","1"
"817261","Categ.I","817246","60",NULL,"6%","1"
"817291","13.03.26 Presale","817284","50",NULL,"6%","1"
"817325","20.02.26 Acces","817310","70","100","6%","1"
"817423","12.03.26 Acces","817415","60",NULL,"6%","1"
"817763","03.04.26 Acces fara loc","817750","70","175","6%","1"
"817803","Bilet Donatie","817784","180","79","5%","1"
"817900","07.03.26 Acces","817884","60",NULL,"6%","1"
"818340","Abonament Blind Tickets","818314","79","72","5%","1"
"818348","Abonament Super Early","818314","110",NULL,"5%","1"
"818354","Abonament Presale","818314","130",NULL,"5%","1"
"818361","Abonament Normal","818314","150",NULL,"5%","1"
"819194","70 lei Acces cash","796298","0","0",,"1"
"819480","Bilet Fara LOC","788545","80","20","6%","1"
"820386","12.03.26 Earlybird","820380","49","0","2,5","1"
"820394","12.03.26 Presale","820380","69",NULL,"5%","1"
"820395","12.03.26 Acces","820380","100",NULL,"5%","1"
"820396","12.03.26 Canapea 10 locuri","820380","50","20","5%","1"
"820588","Acces duminica 22.02.26","714716","45","100","2,5","1"
"820648","21.02.26 Acces","820642","25",NULL,"2","1"
"820888","Acces elev/student","820879","40","43","2,5","1"
"820895","Presale","820879","40","234","2,5","1"
"820901","Acces","820879","50","248","2,5","1"
"821114","28.02.26 Categoria I","821104","60","42","6%","1"
"821115","28.02.26 Categoria II","821104","50","17","6%","1"
"821140","ABONAMENT DRAGOBETE – 2 PERSOANE","756306","100","0","5%","1"
"821170","19.04.26 Presale","821163","100","96","5,5%","1"
"821259","19.04.26 Acces general","821163","135","100","5,5%","1"
"821286","INVITATIE","808619","0","0",,"1"
"821376","18.04.26 EarlyBird","821363","90","0","6%","1"
"821377","18.04.26 Presale 1","821363","100","47","6%","1"
"821378","18.04.26 Presale 2","821363","130","500","6%","1"
"821379","18.04.26 Acces General","821363","150",NULL,"6%","1"
"821489","11.03.26 Acces","821482","50",NULL,"6%","1"
"821630","Bilet Donatie acces","821619","35",NULL,"2","1"
"821641","Bilet Donatie presale","821619","28",NULL,"2","1"
"821869","26.03.26 Presale","821853","100","391","6%","1"
"821875","26.03.26 Acces","821853","120","390","6%","1"
"821876","27.03.26 Presale","821856","100","178","6%","1"
"821877","27.03.26 Acces","821856","120","195","6%","1"
"821878","28.03.26 Presale","821863","100","321","6%","1"
"821884","28.03.26 Acces","821863","120","288","6%","1"
"822095","Categoria III","822053","60",NULL,"5%","1"
"822099","Categoria II","822053","80",NULL,"5%","1"
"822109","Categoria I","822053","100",NULL,"5%","1"
"822115","20.02.26 Acces ora 20:00","810607","60","28","6%","1"
"822177","Abonament earlybird","822163","120","0","5%","1"
"822181","06.03.26 Presale","822171","40",NULL,"2,5","1"
"822255","01.03.26 Bilet ora 19:00","576003","65","50","6%","1"
"822262","Categ.III","822248","70",NULL,"5%","1"
"822263","Categ.II","822248","90",NULL,"5%","1"
"822272","Categ.I","822248","110",NULL,"5%","1"
"822331","Categoria II","794730","50",NULL,"6%","1"
"822333","Categoria I","794730","60","370","6%","1"
"822361","15.03.26 Bilet ora 20","576003","65","0","6%","1"
"822524","Categoria III","822513","60",NULL,"5%","1"
"822525","Categoria II","822513","80",NULL,"5%","1"
"822531","Categoria I","822513","100",NULL,"5%","1"
"822596","22.05.26 Presale","822546","40","49","2,5","1"
"822605","22.05.26 Acces","822546","60",NULL,"6%","1"
"822616","28.05.26 Acces","822572","50",NULL,"6%","1"
"822620","29.05.26 Presale","822594","40","46","2,5","1"
"822628","29.05.26 Acces","822594","60",NULL,"6%","1"
"822629","30.05.26 Presale","822600","40","50","2,5","1"
"822630","30.05.26 Acces","822600","60",NULL,"6%","1"
"822798","Categoria III","822791","40",NULL,"2,5","1"
"822799","Categoria II","822791","50",NULL,"6%","1"
"822800","Categoria I","822791","60",NULL,"6%","1"
"822861","Categ.III","822848","40",NULL,"2,5","1"
"822874","Categ.II","822848","50",NULL,"6%","1"
"822878","Categ.I","822848","60",NULL,"6%","1"
"823002","Categoria III","822982","100",NULL,"5,5%","1"
"823009","Categoria II","822982","135",NULL,"5,5%","1"
"823010","Categoria I","822982","150",NULL,"5,5%","1"
"823438","21.02.26 Bilet Fara LOC","789010","90","2","6%","1"
"823996","21.03.26 Presale","823975","50","0","5%","1"
"824006","21.03.26 Acces","823975","70","200","5%","1"
"824136","06.03.26 Acces","824116","25",NULL,"2","1"
"824170","07.03.26 Acces","824146","30",NULL,"2","1"
"824246","28.03.26 Presale","824222","39",NULL,"2,5","1"
"824272","28.03.26 Acces","824222","50",NULL,"6%","1"
"824792","INVITATIE","824222","0","0",,"1"
"825852","28.02.26 Acces","825843","25",NULL,"2","1"
"825873","Acces elev/student","825869","30",NULL,"2","1"
"825878","15.03.26 Presale","825869","39","140","2,5","1"
"826009","01.03.26 Acces","828910","40","100","2,5","1"
"826015","01.03.26 Oferta Grup","828910","35","50","2,5","1"
"826032","08.03.26 Acces","826019","40","85","2,5","1"
"826040","08.03.26 Oferta Grup","826019","35","85","2,5","1"
"826245","Abonament presale","822163","160",NULL,"5%","1"
"826647","Early Abonament General Acces Pass","826630","90","468","5%","1"
"826652","VIP Acces Abonament 3 zile","826630","300","200","5%","1"
"826830","22.05.26 Presale fara loc","826818","65","194","6%","1"
"826872","05.04.26 Presale","826865","40",NULL,"2,5","1"
"826883","05.04.26 Acces","826865","55",NULL,"6%","1"
"826950","01.04.26 Presale","826921","120","192","6%","1"
"826951","01.04.26 Acces fara loc","826921","120","0","6%","1"
"826952","03.04.26 Presale","826940","120","343","6%","1"
"826955","03.04.26 Acces fara loc","826940","120","350","6%","1"
"826956","04.04.26 Presale","826946","120",NULL,"6%","1"
"826964","04.04.26 Acces fara loc","826946","120","0","6%","1"
"826990","19.03.26 Presale","826974","50",NULL,"6%","1"
"826991","19.03.26 Acces","826974","60",NULL,"6%","1"
"827001","12.03.26 Acces ora 19:00","826996","70","0","6%","1"
"827180","Acces in 05.03.26","827175","50","35","6%","1"
"827191","Acces in 10.03.26","827181","50","70","6%","1"
"827213","27.02.26 Last minute","744984","90","80",,"1"
"827245","04.04.26 Acces","827236","100",NULL,"5%","1"
"827306","15.05.26 Acces","827284","50",NULL,"6%","1"
"827393","23.04.26 Earlybird","827377","49","14","2,5","1"
"827395","23.04.26 Presale","827377","69",NULL,"5%","1"
"827396","23.04.26 Acces","827377","100",NULL,"5%","1"
"827397","23.04.26 Canapea 10 locuri","827377","50","30","5%","1"
"827594","19.04.26 Presale fara loc","827575","100","228","6%","1"
"827598","19.04.26 Acces fara loc","827575","120","270","6%","1"
"827599","25.04.26 Presale","827580","120","367","6%","1"
"827600","25.04.26 Acces fara loc","827580","120","0","6%","1"
"827601","26.04.26 Presale","827586","120","296","6%","1"
"827604","26.04.26 Acces fara loc","827586","120","0","6%","1"
"827827","Categ.III","827824","40",NULL,"2,5","1"
"827831","Categ.II","827824","50",NULL,"6%","1"
"827836","Categ.I","827824","60",NULL,"6%","1"
"827920","27.03.26 Acces","827910","100","97","6%","1"
"827924","29.03.26 Acces","827914","100","76","6%","1"
"827938","28.03.26 Acces","827918","100","80","6%","1"
"827976","Categ.III","827968","60",NULL,"5%","1"
"827982","Categ.II","827968","80",NULL,"5%","1"
"827983","Categ.I","827968","100",NULL,"5%","1"
"828090","21.03.26 Acces","739632","40","48","2,5","1"
"828094","21.03.26 Acces grup","739632","35","50","2,5","1"
"828095","28.03.26 Acces","739632","40","50","2,5","1"
"828096","28.03.26 Acces grup","739632","35","50","2,5","1"
"828097","04.04.26 Acces","739632","40","50","2,5","1"
"828102","04.04.26 Acces grup","739632","35","50","2,5","1"
"828103","25.04.26 Acces","739632","40","50","2,5","1"
"828104","25.04.26 Acces grup","739632","35","50","2,5","1"
"828185","Abonament General Acces Pass","826630","180","5000","5%","1"
"828189","Acces General 1 zi - 05.06.26","826630","100","1700","5%","1"
"828192","Acces General 1 zi - 06.06.26","826630","100","1700","5%","1"
"828202","Acces General 1 zi - 07.06.26","826630","100","1700","5%","1"
"828203","Earlybird VIP Acces Abonament 3 zile","826630","225","42","5%","1"
"828211","Camping Pass 3 zile","826630","50","496","5%","1"
"828218","Cort premontat 3 zile (2 pers.max)","826630","150","200","5%","1"
"828219","Squad cabin 3 zile (2 pers.max)","826630","600","10","5%","1"
"828220","Squad cabin 3 zile (4 pers.max)","826630","600","10","5%","1"
"828221","Acces Car Camping (5 pers.max)","826630","150","18","5%","1"
"828222","Acces Rulota (5 pers.max)","826630","225","20","5%","1"
"828370","Categoria B","828363","80","50","6%","1"
"828377","Categoria A","828363","90","97","6%","1"
"828382","Categoria V.I.P.","828363","100","8","6%","1"
"828494","25.04.26 Earlybird","828489","49","0","2,5","1"
"828495","25.04.26 Presale","828489","69",NULL,"5%","1"
"828498","25.04.26 Acces","828489","100",NULL,"5%","1"
"828586","INVITATIE","795277","0","0",,"1"
"828647","80 lei Acces cash","795277","0","0",,"1"
"829020","Vineri 10 Iulie - Presale - Adult","829013","109","200",,"1"
"829021","Sambata 11 Iulie - Presale - Adult","829013","109","300",,"1"
"829023","Duminica 12 Iulie - Presale - Adult","829013","39","50",,"1"
"829024","Abonament - Presale - Adult","829013","199","499",,"1"
"829025","Vineri 10 Iulie - Presale - Copii 12-18 ani","829013","54.50","100",,"1"
"829026","Sambata 11 Iulie - Presale - Copii 12-18 ani","829013","54.50","100",,"1"
"829027","Abonament - Presale - Copii 12-18 ani","829013","99.50","498",,"1"
"829028","Duminica 12 Iulie - Presale - Copii 12-18 ani","829013","19.50","25",,"1"
"829074","Vineri 10 Iulie - Acces - Adult","829013","159","200",,"1"
"829081","Sambata 11 Iulie - Acces - Adult","829013","159","300",,"1"
"829094","Duminica 12 Iulie - Acces - Adult","829013","49","30",,"1"
"829095","Abonament - Acces - Adult","829013","259","500",,"1"
"829104","Vineri 10 Iulie - Acces - Copii 12-18 ani","829013","79.50","100",,"1"
"829105","Sambata 11 Iulie - Acces - Copii 12-18 ani","829013","79.50","100",,"1"
"829106","Duminica 12 Iulie - Acces - Copii 12-18 ani","829013","24.50","25",,"1"
"829107","Abonament - Acces - Copii 12-18 ani","829013","129.50","500",,"1"
"829122","Taxa de participare","829115","129","13","6%","1"
"829253","Acces duminica 01.03.26","829231","45",NULL,"2,5","1"
"829287","Acces duminica 22.03.26","829278","45",NULL,"2,5","1"
"829466","55 lei Acces cash","803900","0","0",,"1"
"829504","07.03.26 Acces","829491","25",NULL,"2","1"
"829685","06.03.26 Acces General","829677","80","97","5%","1"
"829691","06.03.26 Acces VIP","829677","100","98","5%","1"
"829744","25.03.26 Presale","829734","57",NULL,"6%","1"
"829748","25.03.26 Acces","829734","75",NULL,"6%","1"
"829896","Acces in 21.03.26","829879","0","0","6%","1"
"829904","Presale in 21.03.26","829879","45","14","6%","1"
"830410","Acces Copii sambata 07.03.26 ora 11","830379","60","13","6%","1"
"830414","Acces Adulti sambata 07.03.26 ora 11","830379","35","21","2,5","1"
"830417","Acces Adulti sambata 07.03.26 ora 16:30","830400","35","27","2,5","1"
"830418","Acces Copii sambata 07.03.26 ora 16:30","830400","60","23","6%","1"
"830425","Acces Copii duminica 08.03.26 ora 11","830408","60","20","6%","1"
"830426","Acces Adulti duminica 08.03.26 ora 11:00","830408","35","24","2,5","1"
"830461","15.03.26 Bilet ora 17:00","354589","65","50","6%","1"
"830462","15.03.26 Bilet ora 19:00","354589","65","0","6%","1"
"830547","28.02.26 Acces cash","801926","0","0","5,5%","1"
"831128","Acces in 12.03.26","831118","50","97","6%","1"
"831355","27.03.26 Bilet ora 19:30","831338","65","100","6%","1"
"831356","27.03.26 Biletelev/student ora 19:30","831338","55","100","6%","1"
"831397","14.03.26 Acces","831373","40",NULL,,"1"
"831421","12.03.26 Presale","831403","70","33","5%","1"
"831436","12.03.26 Acces","831403","90","25","5%","1"
"831522","05.03.26 Acces","831512","75",NULL,"6%","1"
"831540","Acces la masa ____ loc ___","822171","0","0",,"1"
"831568","Acces la masa ____ loc ___","817884","0","0",,"1"
"831627","INVITATIE (2 persoane)","828363","0","4",,"1"
"831677","Acces general","831612","69","120","5,5%","1"
"831683","Front Row","831612","89","30","5,5%","1"
"831685","Cina Trattoria Monza","831612","200","10","5,5%","1"
"831738","Acces general","831692","69","120","5,5%","1"
"831745","Front Row","831692","89","30","5,5%","1"
"831746","Cina Trattoria Monza","831692","200","10","5,5%","1"
"831747","Acces general","831737","50","50","5,5%","1"
"831748","Front Row","831737","89","30","5,5%","1"
"831752","Cina Trattoria Monza","831737","200","10","5,5%","1"
"832254","25.04.26 Acces","832234","50","249","6%","1"
"832286","Acces duminica 19.04.26","832272","45","50","2,5","1"
"832301","Acces duminica 22.03.26","832287","45","50","2,5","1"
"832542","Acces duminica 15 martie","832530","45","98","2,5","1"
"832792","Categoria III","832785","50",NULL,"5%","1"
"832795","Categoria II","832785","60",NULL,"5%","1"
"832800","Categoria I","832785","75",NULL,"5%","1"
"832957","24.04.26 Acces Adult","832949","129",NULL,,"1"
"832965","24.04.26 Acces Tineret","832949","59",NULL,,"1"
"832981","03.04.26 Presale","832974","35",NULL,"2,5","1"
"832982","03.04.26 Acces","832974","45",NULL,"6%","1"
"833007","Categoria 2","833004","35",NULL,"2,5","1"
"833014","Categoria 1","833004","50",NULL,"6%","1"
"833039","30.05.26 Presale","833034","60",NULL,"6%","1"
"833040","30.05.26 Acces","833034","80",NULL,"6%","1"
"833067","Acces sambata 07.03.26","833064","45","100","2,5","1"
"833096","Acces duminica 24.05.26","833078","45","100","2,5","1"
"833130","Acces sambata 04.04.26","833120","45","100","2,5","1"
"833146","Acces duminica 05.04.26","833064","35","100","2,5","1"
"833148","Acces vineri 01.05.26","833064","45","100","2,5","1"
"833200","Acces duminica 26.04.26","833193","45","100","2,5","1"
"833230","Acces duminica 03.05.26","833217","45","100","2,5","1"
"833246","Acces luni 01.06.26","807790","45","100","2,5","1"
"833307","Acces duminica 26.04.26","833304","45",NULL,"2,5","1"
"833318","Acces duminica 15.03.26","833308","45",NULL,"2,5","1"
"833341","Acces duminica 29.03.26","833336","45",NULL,"2,5","1"
"833356","Acces duminica 26.04.26","833345","45",NULL,"2,5","1"
"833371","Abonament 8 MARTIE","756306","80",NULL,"5%","1"
"833458","08.03.26 Bilet ora 18:00","573413","75","74","6%","1"
"833680","13-14.03.26 Bilet elev/student","771254","79","41","5%","1"
"833687","13-14.03.26 International woman day","771254","99","28","5%","1"
"833777","21.03.26 Presale","833768","79","39","6%","1"
"833795","21.03.26 Acces","833768","100","99","6%","1"
"833878","Categ.III","755198","40",NULL,"2,5","1"
"833879","Categ.II","755198","50",NULL,"6%","1"
"833880","Categ I","755198","60",NULL,"6%","1"
"834100","26.04.26 Presale","834009","49","149","6%","1"
"834807","16.04.26 Earlybird","834794","45","29","6%","1"
"834841","07.03.26 Acces","738874","60","226","5%","1"
"834935","27.03.26 Acces","834916","50",NULL,"6%","1"
"834940","28.03.26 Acces","834936","70",NULL,"6%","1"
"834956","INVITATIE","827236","0",NULL,,"1"
"835018","Acces Adulti sambata 14.03.26","834995","35","27","2,5","1"
"835019","Acces Copii sambata 14.03.26","834995","60","23","6%","1"
"835113","Acces Copii sambata 14.03.26 ora 16:30","835104","60","23","6%","1"
"835124","Acces Adulti sambata 14.03.26 ora16:30","835104","35","27","2,5","1"
"835161","Acces Copii duminica 15.03.26","835148","60","23","6%","1"
"835162","Acces Adulti duminica 15.03.26","835148","35","27","2,5","1"
"835185","INVITATIE Abonament zona B","717259","0","0",,"1"
"835253","20.03.26 Bilet ora 20:15","713553","60","80","6%","1"
"835332","14.03.26 Acces ora 19:00","835325","70","50","6%","1"
"835343","29.03.26 Acces","530033","65","59","6%","1"
"835379","27.03.26 Acces","835368","60","24","6%","1"
"835429","16.03.26 Acces","835417","30","148","2","1"
"835856","28.03.26 Acces","835851","50",NULL,"3","1"
"835904","21.03.26 Acces ora 11:00","835889","40","150","2,5","1"
"835908","21.03.26 Oferta Grup","835889","30","140","2","1"
"836668","20.03.26 Presale","836659","79","98","6%","1"
"836672","20.03.26 Acces","836659","100","96","6%","1"
"836696","Bilet Donatie acces","836687","49",NULL,"6%","1"
"836965","21.03.26 Earlybird","836941","59","8",,"1"
"836966","21.03.26 Presale","836941","69",NULL,,"1"
"836981","Acces la masa ____ loc ___","817415","0","0",,"1"
"836982","Acces la masa ____ loc ___","831373","0","0",,"1"
"837068","Categoria III","837065","40",NULL,"2,5","1"
"837069","Categoria II","837065","50",NULL,"6%","1"
"837076","Categoria I","837065","60",NULL,"6%","1"
"837121","25.04.26 EarlyBird","837115","45","4","6%","1"
"837125","25.04.26 Presale","837115","50",NULL,"6%","1"
"837126","25.04.26 Acces","837115","60",NULL,"6%","1"
"837212","26.04.26 Acces","834009","70","149","6%","1"
"837439","Earlybird","837422","950","30","5%","1"
"837453","Phase 1","837422","1050","25","5%","1"
"837472","Phase 2","837422","1150","20","5%","1"
"837482","Last Minute","837422","1250","15","5%","1"
"837882","21.03.26 Acces","837879","50",NULL,"6%","1"
"837899","Donatie I","837893","65","30","6%","1"
"838403","INVITATIE","817284","0","0","6%","1"
"838448","02.04.26 Acces","838428","49",NULL,"6%","1"
"838479","Acces grup 200 persoane","795277","0",NULL,,"1"
"838638","28.03.26 Acces","838632","50",NULL,"6%","1"
"838842","INVITATIE","820380","0","0","6%","1"
"839022","Bilet o zi - Vineri 13 martie","771254","70",NULL,"5%","1"
"839026","Bilet o zi - Sambata 14 martie","771254","100",NULL,"5%","1"
"839225","Abonament Earlybird","839214","50",NULL,"6%","1"
"839226","Abonament Elev/Student","839214","0",NULL,,"1"
"839227","Abonament Normal","839214","120",NULL,"6%","1"
"839258","45 lei Acces cash","800056","0","0",,"1"
"839496","30.04.26 Acces","839482","79","100","6%","1"
"839520","Abonament Earlybird","839502","99","68","6%","1"
"839533","Abonament Presale","839502","129","500","5%","1"
"839538","Categ. II","822513","60",NULL,"5%","1"
"839539","Categ. III","822513","40",NULL,"2,5","1"
"839540","Categ.I","822513","80",NULL,"5%","1"
"839541","Abonament Normal","839502","169","1000","5%","1"
"839557","Bilet o zi - Vineri 17.07.26","839502","89","1000","5%","1"
"839575","Bilet o zi - Sambata 18.07.26","839502","89","1000","5%","1"
"839597","INVITATIE Abonament","839502","0","50",,"1"
"839622","07.05.26 Acces","839614","50","150","6%","1"
"839698","Taxă de participare - FEMEIE","839648","119","41","5%","1"
"839703","Taxă de participare - BARBAT","839648","119","50","5%","1"
"839858","Donatie II","837893","80","70","6%","1"
"840175","18.04.26 Acces","840164","55",NULL,"5%","1"
"840189","Acces la masa ____ loc ___","840164","0","0",,"1"
"840276","INVITATIE","809444","0","0","6%","1"
"840458","Earlybird Taxă de participare - FEMEIE","840449","119","7","5%","1"
"840469","Earlybird Taxă de participare - BARBAT","840449","119","18","5%","1"
"840470","Second Wave Taxă de participare - FEMEIE","840449","139","20","5%","1"
"840474","Second Wave Taxă de participare - BARBAT","840449","139","20","5%","1"
"840557","23.04.26 Acces","840536","69","50","6%","1"
"841459","16.04.26 Earlybird","841426","50",NULL,"6%","1"
"841466","16.04.26 Presale","841426","70",NULL,"6%","1"
"841467","17.04.26 Earlybird","841438","50",NULL,"6%","1"
"841499","17.04.26 Presale","841438","70",NULL,"6%","1"
"841500","18.04.26 Earlybird","841449","50",NULL,"6%","1"
"841509","18.04.26 Presale","841449","70",NULL,"6%","1"
"841870","Earlybird-Taxa participare","841854","185",NULL,,"1"
"841873","Taxa participare","841854","225",NULL,,"1"
"841929","Abonament 2 zile","841894","120",NULL,"6%","1"
"841935","Bilet o zi - Vineri 17.07.26","841894","70",NULL,"6%","1"
"841936","Bilet o zi - Sambata 18.07.26","841894","70",NULL,"6%","1"
"842759","100 lei Acces cash","836659","0","0",,"1"
"842911","17.04.26 Acces elev/student","842802","40",NULL,,"1"
"842912","17.04.26 Presale","842802","60","50",,"1"
"842913","17.04.26 Acces","842802","70",NULL,,"1"
"842914","18.04.26 Acces elev/student","842807","40",NULL,,"1"
"842917","18.04.26 Earlybird","842807","60","50",,"1"
"842922","18.04.26 Presale","842807","70",NULL,,"1"
"842923","18.04.26 Acces","842807","80",NULL,,"1"
"842934","28.03.26 Acces","842924","25",NULL,"2","1"
"842983","19.04.26 Acces elev/student","842822","40",NULL,,"1"
"842985","19.04.26 Earlybird","842822","60","42",,"1"
"842986","19.04.26 Presale","842822","70",NULL,,"1"
"842987","19.04.26 Acces","842822","80",NULL,,"1"
"842991","21.04.26 Acces elev/student","842852","40",NULL,,"1"
"842992","21.04.26 Earlybird","842852","65","25",,"1"
"842993","21.04.26 Presale","842852","75",NULL,,"1"
"842994","21.04.26 Acces","842852","90",NULL,,"1"
"843015","Categoria III","842978","30",NULL,"2","1"
"843034","Categoria II","842978","40",NULL,"2,5","1"
"843035","Categoria I","842978","50",NULL,"6%","1"
"843065","22.04.26 Acces elev/student","842860","40",NULL,,"1"
"843066","22.04.26 Earlybird","842860","65","44",,"1"
"843067","22.04.26 Presale","842860","75",NULL,,"1"
"843068","22.04.26 Acces","842860","90",NULL,,"1"
"843071","23.04.26 Acces elev/student","842871","40",NULL,,"1"
"843074","23.04.26 Earlybird","842871","65","47",,"1"
"843075","23.04.26 Presale","842871","75",NULL,,"1"
"843076","23.04.26 Acces","842871","90",NULL,,"1"
"843081","24.04.26 Acces elev/student","842883","40",NULL,,"1"
"843082","24.04.26 Presale","842883","70",NULL,,"1"
"843083","24.04.26 Earlybird","842883","60","49",,"1"
"843084","24.04.26 Acces","842883","80",NULL,,"1"
"843085","25.04.26 Acces elev/student","842899","40",NULL,,"1"
"843086","25.04.26 Earlybird","842899","65","43",,"1"
"843087","25.04.26 Presale","842899","75",NULL,,"1"
"843088","25.04.26 Acces","842899","90",NULL,,"1"
"843148","28.03.26","843132","50",NULL,"6%","1"
"843217","09.04.26 Acces","843210","40",NULL,"2,5","1"
"843257","03.04.26 Acces","843236","75","100","6%","1"
"843437","Acces Copii sambata 21.03.26 ora 11","843426","60","20","6%","1"
"843438","Acces Adulti sambata 21.03.26 ora 11","843426","35","20","2,5","1"
"843471","Acces Copii sambata 21.03.26 ora 16:30","843439","60","20","6%","1"
"843472","Acces Adulti sambata 21.03.26 ora 16:30","843439","35","20","2,5","1"
"843502","Acces Adulti duminica 22.03.26","843492","35","20","2,5","1"
"843503","Acces Copii duminica 22.03.26","843492","60","20","6%","1"
"843534","Acces general","843522","69","120","5,5%","1"
"843539","Front Row","843522","89","30","5,5%","1"
"843540","Cina Trattoria Monza","843522","200","10","5,5%","1"
"843564","Acces general","843543","65","120","5,5%","1"
"843565","Front Row","843543","85","30","5,5%","1"
"843566","Cina Trattoria Monza","843543","200","10","5,5%","1"
"843585","Acces general","843580","50","120","5,5%","1"
"843589","Front Row","843580","75","30","5,5%","1"
"843591","Cina Trattoria Monza","843580","200","10","5,5%","1"
"843613","02.04.26 Acces ora 20:00","835325","70","50","6%","1"
"843617","25.04.26 Acces ora 20:00","835325","70","50","6%","1"
"843624","03.04.26 Acces ora 20:00","764030","70","50","6%","1"
"843631","04.04.26 Acces ora 20:00","826996","70","50","6%","1"
"843634","17.04.26 Acces ora 20:00","826996","70","50","6%","1"
"843654","21.04.26 Presale","843640","49","150","6%","1"
"843679","02.04.26 Presale","843674","50","98","6%","1"
"843694","02.04.26 Acces","843674","80","100","6%","1"
"843695","05.04.26 Acces ora 15:00","763877","70","46","6%","1"
"843696","29.04.26 Acces ora 20:00","763877","70","50","6%","1"
"843725","05.04.26 Acces ora 20:00","763777","85","50","6%","1"
"843731","20.03.26 Acces","843714","50",NULL,"6%","1"
"843734","24.04.26 Acces ora 20:00","763777","85","50","6%","1"
"843753","09.04.26 Acces ora 20:00","763838","70","50","6%","1"
"843756","23.04.26 Acces ora 20:00","763838","70","50","6%","1"
"843757","10.04.26 Acces ora 20:00","811673","70","49","6%","1"
"843766","22.04.26 Acces ora 20:00","811673","70","50","6%","1"
"843778","18.04.26 Acces ora 20:00","763819","85","50","6%","1"
"843779","19.04.26 Acces ora 20:00","763635","70","50","6%","1"
"843815","30.04.26 Acces ora 20:00","781807","70","50","6%","1"
"844079","Categoria III","844073","30",NULL,"2","1"
"844083","Categoria II","844073","40",NULL,"2,5","1"
"844090","Categoria I","844073","50",NULL,"6%","1"
