"wp_order_id","device_type","source_type","utm_source","utm_medium","utm_content","referrer","landing_page","session_count","session_pages","ip_address","user_agent"
"847007","Mobile","typein","(direct)",NULL,NULL,NULL,"https://www.ambilet.ro/qfeel/","1","10","213.233.108.232","Mozilla/5.0 (iPhone; CPU iPhone OS 18_7 like Mac OS X) AppleWebKit/605.1.15 (KHTML, like Gecko) Version/26.3 Mobile/15E148 Safari/604.1"
"847039","Mobile","typein","(direct)",NULL,NULL,"https://www.ambilet.ro/qfeel/","https://www.ambilet.ro/qfeel/","1","9","2a02:2f0d:270a:700:49d4:23bb:d1cb:f447","Mozilla/5.0 (Linux; Android 10; K) AppleWebKit/537.36 (KHTML, like Gecko) SamsungBrowser/29.0 Chrome/136.0.0.0 Mobile Safari/537.36"
"847058","Mobile","typein","(direct)",NULL,NULL,NULL,"https://www.ambilet.ro/qfeel/","1","4","109.166.131.172","Mozilla/5.0 (iPhone; CPU iPhone OS 18_7 like Mac OS X) AppleWebKit/605.1.15 (KHTML, like Gecko) Version/26.3 Mobile/15E148 Safari/604.1"
"847063","Desktop","typein","(direct)",NULL,NULL,NULL,"https://www.ambilet.ro/qfeel/","1","7","213.233.108.162","Mozilla/5.0 (Macintosh; Intel Mac OS X 10_15_7) AppleWebKit/605.1.15 (KHTML, like Gecko) Version/26.3 Safari/605.1.15"
"847522","Mobile","utm","fb","paid","120241632982010345","https://www.ambilet.ro/qfeel/?fbclid=IwZmRpZBZQNZ8jgeBf7ZOJtGBQoJnpC4AjdSlaZXh0bgNhZW0BMABhZGlkAasvIM8AHZlzcnRjBmFwcF9pZAo2NjI4NTY4Mzc5AAEeCjcZS4Mh1YMVENy3sPEz7oYzfXbgX9Iy_N7h57EJZgEBKwaAvoPeNz35YKM_aem_GLyU4w6z1SPuAb2QoAZrxQ&utm_medium=paid&utm_source=fb&utm_id=120239202811670345&utm_content=120241632982010345&utm_term=120241632981940345&utm_campaign=120239202811670345","https://www.ambilet.ro/qfeel/?fbclid=IwZmRpZBZQNZ8jgeBf7ZOJtGBQoJnpC4AjdSlaZXh0bgNhZW0BMABhZGlkAasvIM8AHZlzcnRjBmFwcF9pZAo2NjI4NTY4Mzc5AAEeCjcZS4Mh1YMVENy3sPEz7oYzfXbgX9Iy_N7h57EJZgEBKwaAvoPeNz35YKM_aem_GLyU4w6z1SPuAb2QoAZrxQ&utm_medium=paid&utm_source=fb&utm_id=120239202811670345&utm_content=120241632982010345&utm_term=120241632981940345&utm_campaign=120239202811670345","1","11","81.196.28.228","Mozilla/5.0 (iPhone; CPU iPhone OS 26_3_1 like Mac OS X) AppleWebKit/605.1.15 (KHTML, like Gecko) Mobile/23D8133 Safari/604.1 [FBAN/FBIOS;FBAV/547.1.0.40.72;FBBV/876210555;FBDV/iPhone15,2;FBMD/iPhone;FBSN/iOS;FBSV/26.3.1;FBSS/3;FBID/phone;FBLC/ro_RO;FBOP/5;FBRV/882603031;IABMV/1]"
"847566","Mobile","utm","fb","paid","120241632982010345","https://www.ambilet.ro/bilete/rapunzel-teatru-copii-qfeel-salaluceafarul-845570/?utm_medium=paid&utm_source=fb&utm_id=120239202811670345&utm_content=120241632982010345&utm_term=120241632981940345&utm_campaign=120239202811670345&fbclid=IwVERFWAQrxJ1leHRuA2FlbQEwAGFkaWQBqy8gzwAdmXNydGMGYXBwX2lkCjY2Mjg1NjgzNzkAAR5Z7c34nouXrBvFDaLuihq0sojSk_651RQSInhx_TJj4ZMtm_ImxnHPEVWVPQ_aem_FxTAvGxl1aM9RVsxTTH7AQ","https://www.ambilet.ro/bilete/rapunzel-teatru-copii-qfeel-salaluceafarul-845570/?utm_medium=paid&utm_source=fb&utm_id=120239202811670345&utm_content=120241632982010345&utm_term=120241632981940345&utm_campaign=120239202811670345&fbclid=IwVERFWAQrxJ1leHRuA2FlbQEwAGFkaWQBqy8gzwAdmXNydGMGYXBwX2lkCjY2Mjg1NjgzNzkAAR5Z7c34nouXrBvFDaLuihq0sojSk_651RQSInhx_TJj4ZMtm_ImxnHPEVWVPQ_aem_FxTAvGxl1aM9RVsxTTH7AQ","1","6","2a02:2f0e:7112:7e00:edbc:432a:42f4:f941","Mozilla/5.0 (iPhone; CPU iPhone OS 26_3_1 like Mac OS X) AppleWebKit/605.1.15 (KHTML, like Gecko) CriOS/146.0.7680.151 Mobile/15E148 Safari/604.1"
"847692","Mobile","utm","fb","paid","120241632982010345","https://www.ambilet.ro/qfeel/?fbclid=IwZXh0bgNhZW0BMABhZGlkAasvIwGOF7lzcnRjBmFwcF9pZAwzNTA2ODU1MzE3MjgAAR6kXEWcFNmhYL4Uw75nyM8J4Etboue0oGNOaZ2ZqCyiBt2pWgAINcFHglBdBQ_aem_y-oeywxAx7O0YWPPnAuvIg&utm_medium=paid&utm_source=fb&utm_id=120239202811670345&utm_content=120241632982010345&utm_term=120241632981940345&utm_campaign=120239202811670345","https://www.ambilet.ro/qfeel/?fbclid=IwZXh0bgNhZW0BMABhZGlkAasvIwGOF7lzcnRjBmFwcF9pZAwzNTA2ODU1MzE3MjgAAR6kXEWcFNmhYL4Uw75nyM8J4Etboue0oGNOaZ2ZqCyiBt2pWgAINcFHglBdBQ_aem_y-oeywxAx7O0YWPPnAuvIg&utm_medium=paid&utm_source=fb&utm_id=120239202811670345&utm_content=120241632982010345&utm_term=120241632981940345&utm_campaign=120239202811670345","6","24","2a02:2f0c:580b:6600:1885:5e62:d0ef:a231","Mozilla/5.0 (Linux; Android 14; SM-S921B Build/UP1A.231005.007; wv) AppleWebKit/537.36 (KHTML, like Gecko) Version/4.0 Chrome/146.0.7680.141 Mobile Safari/537.36 [FB_IAB/FB4A;FBAV/552.1.0.45.68;IABMV/1;]"
"847735","Mobile","utm","fb","paid","120241632982010345","http://m.facebook.com/","https://www.ambilet.ro/qfeel/?fbclid=IwZXh0bgNhZW0BMABhZGlkAasvIwGOF7lzcnRjBmFwcF9pZAwzNTA2ODU1MzE3MjgAAR55BmGQQs37gjSGLawx40DhoNFhx0fWs4uMZdTFKB0_IZhNQ0Fccg_zMJGNyA_aem_ZPozBYYXUO27OjEhqDzkGg&utm_medium=paid&utm_source=fb&utm_id=120239202811670345&utm_content=120241632982010345&utm_term=120241632981940345&utm_campaign=120239202811670345","3","6","86.121.140.72","Mozilla/5.0 (Linux; Android 16; SM-S931B Build/BP2A.250605.031.A3; wv) AppleWebKit/537.36 (KHTML, like Gecko) Version/4.0 Chrome/146.0.7680.148 Mobile Safari/537.36 [FB_IAB/FB4A;FBAV/553.0.0.56.58;IABMV/1;]"
"847803","Mobile","utm","fb","paid","120241631993150345","https://www.ambilet.ro/qfeel/?fbclid=IwZXh0bgNhZW0BMABhZGlkAasvIwFXAilzcnRjBmFwcF9pZAo2NjI4NTY4Mzc5AAEe9s3r2kTMaJpzReCwuJ-6AO5BSmG4kwADam4i4jwfiwK89W8kyPOptAwPLRs_aem_b0D9NoFi-F4H5VWhvj9GRw&utm_medium=paid&utm_source=fb&utm_id=120241631993130345&utm_content=120241631993150345&utm_term=120241631993160345&utm_campaign=120241631993130345","https://www.ambilet.ro/qfeel/?fbclid=IwZXh0bgNhZW0BMABhZGlkAasvIwFXAilzcnRjBmFwcF9pZAo2NjI4NTY4Mzc5AAEe9s3r2kTMaJpzReCwuJ-6AO5BSmG4kwADam4i4jwfiwK89W8kyPOptAwPLRs_aem_b0D9NoFi-F4H5VWhvj9GRw&utm_medium=paid&utm_source=fb&utm_id=120241631993130345&utm_content=120241631993150345&utm_term=120241631993160345&utm_campaign=120241631993130345","1","15","82.78.48.53","Mozilla/5.0 (iPhone; CPU iPhone OS 26_2 like Mac OS X) AppleWebKit/605.1.15 (KHTML, like Gecko) Mobile/23C55 Safari/604.1 [FBAN/FBIOS;FBAV/553.0.0.43.84;FBBV/911230482;FBDV/iPhone16,1;FBMD/iPhone;FBSN/iOS;FBSV/26.2;FBSS/3;FBID/phone;FBLC/en_GB;FBOP/5;FBRV/0;IABMV/1]"
"847830","Mobile","organic","google","organic",NULL,"https://www.google.com/","https://www.ambilet.ro/qfeel/","2","6","2a02:2f0a:b41c:dd01:e440:4c0c:7a4d:7167","Mozilla/5.0 (iPhone; CPU iPhone OS 18_7 like Mac OS X) AppleWebKit/605.1.15 (KHTML, like Gecko) Version/26.4 Mobile/15E148 Safari/604.1"
"847938","Mobile","typein","(direct)",NULL,NULL,NULL,"https://www.ambilet.ro/qfeel/","1","4","2a02:2f0d:200a:1c00:930c:3a3a:bbf4:5aa7","Mozilla/5.0 (Linux; Android 10; K) AppleWebKit/537.36 (KHTML, like Gecko) Chrome/146.0.0.0 Mobile Safari/537.36"
"848009","Mobile","utm","ig","paid","120241632954210345","https://www.ambilet.ro/qfeel/?utm_medium=paid&utm_source=ig&utm_id=120239202811670345&utm_content=120241632954210345&utm_term=120239202811650345&utm_campaign=120239202811670345&fbclid=PAZXh0bgNhZW0BMABhZGlkAasvIwGVkclzcnRjBmFwcF9pZA81NjcwNjczNDMzNTI0MjcAAac7jdZ9fjPOApN2zmK0lF_v6ATS8LrfhNiupUqZjHYpH6vfi-ZK1CidIEJJUg_aem_IELUOiWpPNohY5COnD8WjA","https://www.ambilet.ro/qfeel/?utm_medium=paid&utm_source=ig&utm_id=120239202811670345&utm_content=120241632954210345&utm_term=120239202811650345&utm_campaign=120239202811670345&fbclid=PAZXh0bgNhZW0BMABhZGlkAasvIwGVkclzcnRjBmFwcF9pZA81NjcwNjczNDMzNTI0MjcAAac7jdZ9fjPOApN2zmK0lF_v6ATS8LrfhNiupUqZjHYpH6vfi-ZK1CidIEJJUg_aem_IELUOiWpPNohY5COnD8WjA","1","16","82.76.204.36","Mozilla/5.0 (Linux; Android 16; SM-S931B Build/BP2A.250605.031.A3; wv) AppleWebKit/537.36 (KHTML, like Gecko) Version/4.0 Chrome/146.0.7680.146 Mobile Safari/537.36 Instagram 421.0.0.51.66 Android (36/16; 480dpi; 1080x2340; samsung; SM-S931B; pa1q; qcom; ro_RO; 909555893; IABMV/1)"
"848019","Mobile","typein","(direct)",NULL,NULL,"https://www.ambilet.ro/copii/","https://www.ambilet.ro/bucuresti/","1","19","2a09:bac3:5043:261e::3cc:5b","Mozilla/5.0 (iPhone; CPU iPhone OS 18_7 like Mac OS X) AppleWebKit/605.1.15 (KHTML, like Gecko) Version/26.3 Mobile/15E148 Safari/604.1"
"848022","Mobile","typein","(direct)",NULL,NULL,"https://www.ambilet.ro/copii/","https://www.ambilet.ro/bucuresti/","1","29","2a09:bac3:5043:261e::3cc:5b","Mozilla/5.0 (iPhone; CPU iPhone OS 18_7 like Mac OS X) AppleWebKit/605.1.15 (KHTML, like Gecko) Version/26.3 Mobile/15E148 Safari/604.1"
"848292","Mobile","utm","fb","paid","120241632982010345","https://www.ambilet.ro/qfeel/?fbclid=IwZXh0bgNhZW0BMABhZGlkAasvIwGOF7lzcnRjBmFwcF9pZAo2NjI4NTY4Mzc5AAEeAm95yksG-8nhFUsQdn6mTVa5jlcVq5bSyOsT2MxNP0XJBx_6DiLcSe0LHz0_aem_LkHxnGFmdhcI8rVeqmaMCg&utm_medium=paid&utm_source=fb&utm_id=120239202811670345&utm_content=120241632982010345&utm_term=120241632981940345&utm_campaign=120239202811670345","https://www.ambilet.ro/qfeel/?fbclid=IwZXh0bgNhZW0BMABhZGlkAasvIwGOF7lzcnRjBmFwcF9pZAo2NjI4NTY4Mzc5AAEeAm95yksG-8nhFUsQdn6mTVa5jlcVq5bSyOsT2MxNP0XJBx_6DiLcSe0LHz0_aem_LkHxnGFmdhcI8rVeqmaMCg&utm_medium=paid&utm_source=fb&utm_id=120239202811670345&utm_content=120241632982010345&utm_term=120241632981940345&utm_campaign=120239202811670345","1","8","2a02:2f0f:b30b:f600:49b5:c204:1da3:39ef","Mozilla/5.0 (iPhone; CPU iPhone OS 18_5 like Mac OS X) AppleWebKit/605.1.15 (KHTML, like Gecko) Mobile/22F76 Safari/604.1 [FBAN/FBIOS;FBAV/538.0.0.35.78;FBBV/818305441;FBDV/iPhone15,2;FBMD/iPhone;FBSN/iOS;FBSV/18.5;FBSS/3;FBID/phone;FBLC/ro_RO;FBOP/5;FBRV/0;IABMV/1]"
"848374","Mobile","utm","ig","paid","120241632954210345","https://www.ambilet.ro/qfeel/?utm_medium=paid&utm_source=ig&utm_id=120239202811670345&utm_content=120241632954210345&utm_term=120239202811650345&utm_campaign=120239202811670345&fbclid=PAZXh0bgNhZW0BMABhZGlkAasvIwGVkclzcnRjBmFwcF9pZA8xMjQwMjQ1NzQyODc0MTQAAafPckwunMmeJdoWfyDpV8MAaF2FpIry7GNQDMGG6TizrSy6TDLoTa_Y4tfBeQ_aem_XTsU3LeH4zFNywv2LXDkng","https://www.ambilet.ro/qfeel/?utm_medium=paid&utm_source=ig&utm_id=120239202811670345&utm_content=120241632954210345&utm_term=120239202811650345&utm_campaign=120239202811670345&fbclid=PAZXh0bgNhZW0BMABhZGlkAasvIwGVkclzcnRjBmFwcF9pZA8xMjQwMjQ1NzQyODc0MTQAAafPckwunMmeJdoWfyDpV8MAaF2FpIry7GNQDMGG6TizrSy6TDLoTa_Y4tfBeQ_aem_XTsU3LeH4zFNywv2LXDkng","1","6","109.166.128.168","Mozilla/5.0 (iPhone; CPU iPhone OS 17_6_1 like Mac OS X) AppleWebKit/605.1.15 (KHTML, like Gecko) Mobile/21G93 Instagram 421.1.6.39.52 (iPhone15,4; iOS 17_6_1; en_GB; en-GB; scale=3.00; 1179x2556; IABMV/1; 910922286) Safari/604.1"
"848950","Mobile","utm","fb","paid","120241632954340345","http://m.facebook.com/","https://www.ambilet.ro/qfeel/?fbclid=IwZXh0bgNhZW0BMABhZGlkAasvIwGIwIlzcnRjBmFwcF9pZAwzNTA2ODU1MzE3MjgAAR7GPnykkOy-6uw3CCfaEqmUqTTAR3wBu01MxMbuPKD43U8I5CxlGfu5xv__Zw_aem_f2Wk5xoqOWE0MEkllFMmRg&utm_medium=paid&utm_source=fb&utm_id=120239202811670345&utm_content=120241632954340345&utm_term=120239202811660345&utm_campaign=120239202811670345","1","6","2a02:2f05:d30d:7f00:d160:e5:e882:79ed","Mozilla/5.0 (Linux; Android 16; SM-S928B Build/BP2A.250605.031.A3; wv) AppleWebKit/537.36 (KHTML, like Gecko) Version/4.0 Chrome/146.0.7680.148 Mobile Safari/537.36 [FB_IAB/FB4A;FBAV/553.0.0.56.58;IABMV/1;]"
"848966","Mobile","utm","fb","paid","120241632954340345","http://m.facebook.com/","https://www.ambilet.ro/qfeel/?fbclid=IwZXh0bgNhZW0BMABhZGlkAasvIwGIwIlzcnRjBmFwcF9pZAwzNTA2ODU1MzE3MjgAAR7sJrGvcJQ8cAYqu5CU9vLIzcrj6OZC1rwcqGZdbXqmyfFSCGOlquid6oQlfQ_aem_QG2eHhMPMFxhRgjFQ5Dt7A&utm_medium=paid&utm_source=fb&utm_id=120239202811670345&utm_content=120241632954340345&utm_term=120239202811660345&utm_campaign=120239202811670345","2","6","2a02:2f04:c600:2100:3aeb:9712:da07:be7","Mozilla/5.0 (Linux; Android 15; SM-S938B Build/AP3A.240905.015.A2; wv) AppleWebKit/537.36 (KHTML, like Gecko) Version/4.0 Chrome/146.0.7680.148 Mobile Safari/537.36 [FB_IAB/FB4A;FBAV/553.0.0.56.58;IABMV/1;]"
"849008","Mobile","typein","(direct)",NULL,NULL,"https://www.ambilet.ro/bilete/rapunzel-teatru-copii-qfeel-sala-luceafarul-785205/","https://www.ambilet.ro/bilete/rapunzel-teatru-copii-qfeel-sala-luceafarul-785205/","2","4","213.233.104.88","Mozilla/5.0 (Linux; Android 10; K) AppleWebKit/537.36 (KHTML, like Gecko) Chrome/146.0.0.0 Mobile Safari/537.36"
"849019","Mobile","utm","ig","paid","120241632954340345","http://instagram.com/","https://www.ambilet.ro/qfeel/?utm_medium=paid&utm_source=ig&utm_id=120239202811670345&utm_content=120241632954340345&utm_term=120239202811660345&utm_campaign=120239202811670345&fbclid=PAZXh0bgNhZW0BMABhZGlkAasvIwGIwIlzcnRjBmFwcF9pZA8xMjQwMjQ1NzQyODc0MTQAAafn3vdvlZmSbCjm_gKua6NroYAFdbVjoA3MshyiGboWfSR013OXoH-vPYheMA_aem_zq5fLsOcJN2a905jiMEa3A","1","9","82.76.47.105","Mozilla/5.0 (iPhone; CPU iPhone OS 18_7 like Mac OS X) AppleWebKit/605.1.15 (KHTML, like Gecko) Mobile/23D8133 Instagram 421.1.6.39.52 (iPhone16,2; iOS 26_3_1; ro_RO; ro; scale=3.00; 1290x2796; IABMV/1; 910922286) Safari/604.1"
"849154","Mobile","typein","(direct)",NULL,NULL,NULL,"https://www.ambilet.ro/bilete/rapunzel-teatru-copii-qfeel-sala-luceafarul-785205/","3","6","188.25.210.251","Mozilla/5.0 (iPhone; CPU iPhone OS 18_7 like Mac OS X) AppleWebKit/605.1.15 (KHTML, like Gecko) Version/26.3 Mobile/15E148 Safari/604.1"
"849162","Mobile","typein","(direct)",NULL,NULL,"https://www.ambilet.ro/bilete/rapunzel-teatru-copii-qfeel-sala-luceafarul-785205/","https://www.ambilet.ro/bilete/rapunzel-teatru-copii-qfeel-sala-luceafarul-785205/","1","4","2a02:2f0f:d003:6e00:f063:174:e487:6bd8","Mozilla/5.0 (Linux; Android 10; K) AppleWebKit/537.36 (KHTML, like Gecko) Chrome/146.0.0.0 Mobile Safari/537.36"
"849172","Mobile","utm","ig","paid","120241632954340345","https://www.ambilet.ro/bilete/rapunzel-teatru-copii-qfeel-salaluceafarul-845570/?utm_medium=paid&utm_source=ig&utm_id=120239202811670345&utm_content=120241632954340345&utm_term=120239202811660345&utm_campaign=120239202811670345&fbclid=PAZnRzaAQuj21leHRuA2FlbQEwAGFkaWQBqy8jAYjAiXNydGMGYXBwX2lkDzEyNDAyNDU3NDI4NzQxNAABp7LhCu0h8NuKQI4UHXBqo3PPJqjBC8CuV2QCx5ZQ1Z590UGB5BfBkGNc4hHY_aem_7H9KKPrzF_DgCwUHU1PnkQ","https://www.ambilet.ro/bilete/rapunzel-teatru-copii-qfeel-salaluceafarul-845570/?utm_medium=paid&utm_source=ig&utm_id=120239202811670345&utm_content=120241632954340345&utm_term=120239202811660345&utm_campaign=120239202811670345&fbclid=PAZnRzaAQuj21leHRuA2FlbQEwAGFkaWQBqy8jAYjAiXNydGMGYXBwX2lkDzEyNDAyNDU3NDI4NzQxNAABp7LhCu0h8NuKQI4UHXBqo3PPJqjBC8CuV2QCx5ZQ1Z590UGB5BfBkGNc4hHY_aem_7H9KKPrzF_DgCwUHU1PnkQ","1","11","109.166.129.249","Mozilla/5.0 (iPhone; CPU iPhone OS 26_3_1 like Mac OS X) AppleWebKit/605.1.15 (KHTML, like Gecko) CriOS/146.0.7680.151 Mobile/15E148 Safari/604.1"
"849337","Mobile","utm","fb","paid","120241632954340345",NULL,"https://www.ambilet.ro/bilete/rapunzel-teatru-copii-qfeel-sala-luceafarul-785205/?utm_source=fb&utm_medium=paid&utm_campaign=120239202811670345&utm_term=120239202811660345&utm_content=120241632954340345&utm_id=120239202811670345&fbclid=IwZXh0bgNhZW0BMABhZGlkAasvIwGIwIlzcnRjBmFwcF9pZAwzNTA2ODU1MzE3MjgAAR4-lMrBoXQX4bOAXg9CHRSn4j51XGz9Ib92GCIiCZBD7ejj9r_1FQzw4ihh1Q_aem_9lZtdN6Bx_gCymEJR6lfzA&sfnsn=wa","2","12","86.124.42.74","Mozilla/5.0 (Linux; Android 10; K) AppleWebKit/537.36 (KHTML, like Gecko) SamsungBrowser/29.0 Chrome/136.0.0.0 Mobile Safari/537.36"
"849677","Mobile","utm","fb","paid","120241632982010345","http://m.facebook.com/","https://www.ambilet.ro/qfeel/?fbclid=IwZXh0bgNhZW0BMABhZGlkAasvIwGOF7lzcnRjBmFwcF9pZAo2NjI4NTY4Mzc5AAEeXQ5x0JTpMh1l0-2ih2l6Kgu-10_4h_GeKCuP1vDYFc1USKSOr5vr8jbcNCU_aem_I2OBz8uErRxGBY5lcF5Xsw&utm_medium=paid&utm_source=fb&utm_id=120239202811670345&utm_content=120241632982010345&utm_term=120241632981940345&utm_campaign=120239202811670345","1","6","2a02:a58:823c:1200:f9fd:cb55:f70:9ce4","Mozilla/5.0 (iPhone; CPU iPhone OS 26_3_1 like Mac OS X) AppleWebKit/605.1.15 (KHTML, like Gecko) Mobile/23D8133 Safari/604.1 [FBAN/FBIOS;FBAV/553.0.0.43.84;FBBV/911230482;FBDV/iPhone15,3;FBMD/iPhone;FBSN/iOS;FBSV/26.3.1;FBSS/3;FBID/phone;FBLC/en_US;FBOP/5;FBRV/917208668;IABMV/1]"
"849742","Desktop","typein","(direct)",NULL,NULL,NULL,"https://www.ambilet.ro/trupa-qfeel/","5","8","2a02:2f0d:220f:7d00:e487:f6ef:789b:16b","Mozilla/5.0 (X11; Linux x86_64) AppleWebKit/534.24 (KHTML, like Gecko) Chrome/135.0.7049.79 Safari/534.24 XiaoMi/MiuiBrowser/14.51.0-gn"
"850844","Mobile","typein","(direct)",NULL,NULL,NULL,"https://www.ambilet.ro/qfeel/","1","6","213.233.88.109","Mozilla/5.0 (Linux; Android 10; K) AppleWebKit/537.36 (KHTML, like Gecko) SamsungBrowser/29.0 Chrome/136.0.0.0 Mobile Safari/537.36"
"851112","Mobile","utm","fb","paid","120241632954340345","https://www.ambilet.ro/qfeel/?fbclid=IwZXh0bgNhZW0BMABhZGlkAasvQRGGjLlzcnRjBmFwcF9pZA80MDk5NjI2MjMwODU2MDkAAR4F1KtOi0wdPJ6lLKxk-nyYwNQiWvlgt6qWH_WyfHuxLyUkXt47Vb08kYxkMg_aem_NvLHP3Q9xjsue-gszvMOGQ&utm_medium=paid&utm_source=fb&utm_id=120239202811670345&utm_content=120241632954340345&utm_term=120239202811660345&utm_campaign=120239202811670345","https://www.ambilet.ro/qfeel/?fbclid=IwZXh0bgNhZW0BMABhZGlkAasvQRGGjLlzcnRjBmFwcF9pZA80MDk5NjI2MjMwODU2MDkAAR4F1KtOi0wdPJ6lLKxk-nyYwNQiWvlgt6qWH_WyfHuxLyUkXt47Vb08kYxkMg_aem_NvLHP3Q9xjsue-gszvMOGQ&utm_medium=paid&utm_source=fb&utm_id=120239202811670345&utm_content=120241632954340345&utm_term=120239202811660345&utm_campaign=120239202811670345","1","5","2a02:2f0b:ae05:2200:6fa7:4876:d562:c405","Mozilla/5.0 (Linux; Android 10; K) AppleWebKit/537.36 (KHTML, like Gecko) Chrome/146.0.0.0 Mobile Safari/537.36"
"851438","Desktop","organic","google","organic",NULL,"https://www.google.com/","https://www.ambilet.ro/qfeel/","2","10","82.76.5.118","Mozilla/5.0 (Windows NT 10.0; Win64; x64) AppleWebKit/537.36 (KHTML, like Gecko) Chrome/146.0.0.0 Safari/537.36"
"852118","Mobile","referral","instagram.com","referral","/","https://instagram.com/","https://www.ambilet.ro/qfeel/","1","6","81.196.21.178","Mozilla/5.0 (iPhone; CPU iPhone OS 18_7 like Mac OS X) AppleWebKit/605.1.15 (KHTML, like Gecko) Mobile/23D8133 Instagram 421.1.6.39.52 (iPhone18,1; iOS 26_3_1; en_GB; en-GB; scale=3.00; 1206x2622; IABMV/1; 910922286) Safari/604.1"
"852442","Mobile","typein","(direct)",NULL,NULL,"https://www.ambilet.ro/qfeel/","https://www.ambilet.ro/qfeel/","1","4","46.97.171.1","Mozilla/5.0 (iPhone; CPU iPhone OS 26_3_0 like Mac OS X) AppleWebKit/605.1.15 (KHTML, like Gecko) CriOS/146.0.7680.151 Mobile/15E148 Safari/604.1"
"852740","Mobile","typein","(direct)",NULL,NULL,NULL,"https://www.ambilet.ro/qfeel/","1","23","109.166.134.1","Mozilla/5.0 (iPhone; CPU iPhone OS 18_7 like Mac OS X) AppleWebKit/605.1.15 (KHTML, like Gecko) Version/26.1 Mobile/15E148 Safari/604.1"
"852762","Mobile","typein","(direct)",NULL,NULL,"https://www.ambilet.ro/bilete/rapunzel-teatru-copii-qfeel-sala-luceafarul-785205/","https://www.ambilet.ro/bilete/rapunzel-teatru-copii-qfeel-sala-luceafarul-785205/","1","12","5.13.253.222","Mozilla/5.0 (iPhone; CPU iPhone OS 26_3_1 like Mac OS X) AppleWebKit/605.1.15 (KHTML, like Gecko) CriOS/146.0.7680.151 Mobile/15E148 Safari/604.1"
"852821","Mobile","typein","(direct)",NULL,NULL,"https://www.ambilet.ro/","https://www.ambilet.ro/","1","4","109.166.137.237","Mozilla/5.0 (iPhone; CPU iPhone OS 18_3_1 like Mac OS X) AppleWebKit/605.1.15 (KHTML, like Gecko) Version/18.3 Mobile/15E148 Safari/604.1"
"852928","Mobile","typein","(direct)",NULL,NULL,NULL,"https://www.ambilet.ro/qfeel/","1","13","82.76.173.30","Mozilla/5.0 (iPhone; CPU iPhone OS 18_7 like Mac OS X) AppleWebKit/605.1.15 (KHTML, like Gecko) Version/26.3 Mobile/15E148 Safari/604.1"
"852991","Desktop","organic","google","organic",NULL,"https://www.google.com/","https://www.ambilet.ro/qfeel/","3","8","81.196.3.240","Mozilla/5.0 (Windows NT 10.0; Win64; x64) AppleWebKit/537.36 (KHTML, like Gecko) Chrome/146.0.0.0 Safari/537.36"
"853555","Desktop","organic","google","organic",NULL,"https://www.google.com/","https://www.ambilet.ro/copii/","2","6","194.176.176.151","Mozilla/5.0 (Windows NT 10.0; Win64; x64) AppleWebKit/537.36 (KHTML, like Gecko) Chrome/146.0.0.0 Safari/537.36"
"853668","Mobile","utm","fb","paid","120241632954340345","https://www.ambilet.ro/qfeel/?fbclid=IwZXh0bgNhZW0BMABhZGlkAasvQRGGjLlzcnRjBmFwcF9pZAo2NjI4NTY4Mzc5AAEeqSIlmj8UM7RVc2EpuLTY7edin5JfDlvqQagZzMew4NBQeAvwr-hBYcGRkA4_aem_kRBr4uCZi2jE7DUYjapbSg&utm_medium=paid&utm_source=fb&utm_id=120239202811670345&utm_content=120241632954340345&utm_term=120239202811660345&utm_campaign=120239202811670345","https://www.ambilet.ro/qfeel/?fbclid=IwZXh0bgNhZW0BMABhZGlkAasvQRGGjLlzcnRjBmFwcF9pZAo2NjI4NTY4Mzc5AAEeqSIlmj8UM7RVc2EpuLTY7edin5JfDlvqQagZzMew4NBQeAvwr-hBYcGRkA4_aem_kRBr4uCZi2jE7DUYjapbSg&utm_medium=paid&utm_source=fb&utm_id=120239202811670345&utm_content=120241632954340345&utm_term=120239202811660345&utm_campaign=120239202811670345","1","12","213.233.110.17","Mozilla/5.0 (iPhone; CPU iPhone OS 18_7 like Mac OS X) AppleWebKit/605.1.15 (KHTML, like Gecko) Mobile/22H320 Safari/604.1 [FBAN/FBIOS;FBAV/554.0.0.38.78;FBBV/917646558;FBDV/iPhone11,6;FBMD/iPhone;FBSN/iOS;FBSV/18.7.6;FBSS/3;FBID/phone;FBLC/ro_RO;FBOP/5;FBRV/923375189;IABMV/1]"
"853687","Desktop","organic","google","organic",NULL,"https://www.google.com/","https://www.ambilet.ro/qfeel/","1","11","165.225.200.190","Mozilla/5.0 (Windows NT 10.0; Win64; x64) AppleWebKit/537.36 (KHTML, like Gecko) Chrome/146.0.0.0 Safari/537.36 Edg/146.0.0.0"
"854163","Desktop","organic","google","organic",NULL,"https://www.google.com/","https://www.ambilet.ro/bilete/rapunzel-teatru-copii-qfeel-salaluceafarul-845570/","2","7","109.101.226.180","Mozilla/5.0 (Windows NT 10.0; Win64; x64) AppleWebKit/537.36 (KHTML, like Gecko) Chrome/109.0.0.0 Safari/537.36"
"854450","Mobile","utm","fb","paid","120241632954340345","https://www.ambilet.ro/qfeel/?fbclid=IwZXh0bgNhZW0BMABhZGlkAasvQRGGjLlzcnRjBmFwcF9pZAo2NjI4NTY4Mzc5AAEe8aMgAwSLMCWwU5Iwhk1NYpo-FBKm6WUxj30t3Z9MomwLpdOE2AgnQbgQe8Y_aem_v0TCbKc5nx8xUPD5nAxywA&utm_medium=paid&utm_source=fb&utm_id=120239202811670345&utm_content=120241632954340345&utm_term=120239202811660345&utm_campaign=120239202811670345","https://www.ambilet.ro/qfeel/?fbclid=IwZXh0bgNhZW0BMABhZGlkAasvQRGGjLlzcnRjBmFwcF9pZAo2NjI4NTY4Mzc5AAEe8aMgAwSLMCWwU5Iwhk1NYpo-FBKm6WUxj30t3Z9MomwLpdOE2AgnQbgQe8Y_aem_v0TCbKc5nx8xUPD5nAxywA&utm_medium=paid&utm_source=fb&utm_id=120239202811670345&utm_content=120241632954340345&utm_term=120239202811660345&utm_campaign=120239202811670345","1","7","2a02:2f04:132:6d00:55d1:f25:b13e:69fa","Mozilla/5.0 (iPhone; CPU iPhone OS 26_3_1 like Mac OS X) AppleWebKit/605.1.15 (KHTML, like Gecko) Mobile/23D8133 Safari/604.1 [FBAN/FBIOS;FBAV/554.0.0.38.78;FBBV/917646558;FBDV/iPhone18,1;FBMD/iPhone;FBSN/iOS;FBSV/26.3.1;FBSS/3;FBID/phone;FBLC/en_GB;FBOP/5;FBRV/925576306;IABMV/1]"
"854542","Mobile","typein","(direct)",NULL,NULL,"https://www.ambilet.ro/bilete/rapunzel-teatru-copii-qfeel-sala-luceafarul-785205/","https://www.ambilet.ro/bilete/rapunzel-teatru-copii-qfeel-sala-luceafarul-785205/","1","4","82.76.179.215","Mozilla/5.0 (Linux; Android 10; K) AppleWebKit/537.36 (KHTML, like Gecko) SamsungBrowser/29.0 Chrome/136.0.0.0 Mobile Safari/537.36"
"854576","Mobile","utm","fb","paid","120241631098980345","https://www.ambilet.ro/bilete/rapunzel-teatru-copii-qfeel-sala-luceafarul-785205/?utm_medium=paid&utm_source=fb&utm_id=120241629732060345&utm_content=120241631098980345&utm_term=120241629732050345&utm_campaign=120241629732060345&fbclid=IwRlRTSAQt0bhleHRuA2FlbQEwAGFkaWQBqy8grbIdWXNydGMGYXBwX2lkCjY2Mjg1NjgzNzkAAR5MC-ECV6Sk0kiKJ4Ck-mpunlQ9JGY_Nb-k9yfBYjOTF-blDdeHbJwyb2fmzA_aem_4iZmGnMNJyajC3f-IKV7Ww","https://www.ambilet.ro/bilete/rapunzel-teatru-copii-qfeel-sala-luceafarul-785205/?utm_medium=paid&utm_source=fb&utm_id=120241629732060345&utm_content=120241631098980345&utm_term=120241629732050345&utm_campaign=120241629732060345&fbclid=IwRlRTSAQt0bhleHRuA2FlbQEwAGFkaWQBqy8grbIdWXNydGMGYXBwX2lkCjY2Mjg1NjgzNzkAAR5MC-ECV6Sk0kiKJ4Ck-mpunlQ9JGY_Nb-k9yfBYjOTF-blDdeHbJwyb2fmzA_aem_4iZmGnMNJyajC3f-IKV7Ww","2","5","2a02:2f0b:4307:b300:71a6:fa87:a0a:a091","Mozilla/5.0 (iPhone; CPU iPhone OS 26_3_1 like Mac OS X) AppleWebKit/605.1.15 (KHTML, like Gecko) CriOS/146.0.7680.151 Mobile/15E148 Safari/604.1"
"854713","Mobile","typein","(direct)",NULL,NULL,"https://www.ambilet.ro/qfeel/","https://www.ambilet.ro/qfeel/","1","10","5.12.77.74","Mozilla/5.0 (Linux; Android 10; K) AppleWebKit/537.36 (KHTML, like Gecko) Chrome/146.0.0.0 Mobile Safari/537.36"
"854845","Mobile","typein","(direct)",NULL,NULL,"https://www.ambilet.ro/qfeel/","https://www.ambilet.ro/qfeel/","1","23","213.233.108.172","Mozilla/5.0 (iPhone; CPU iPhone OS 18_7 like Mac OS X) AppleWebKit/605.1.15 (KHTML, like Gecko) Version/26.3 Mobile/15E148 Safari/604.1"
"854909","Mobile","referral","qwant.com","referral","/","https://www.qwant.com/","https://www.ambilet.ro/qfeel/","1","5","109.166.131.192","Mozilla/5.0 (iPhone; CPU iPhone OS 26_3_1 like Mac OS X) AppleWebKit/605.1.15 (KHTML, like Gecko) CriOS/146.0.7680.151 Mobile/15E148 Safari/604.1"
"855382","Mobile","utm","fb","paid","120241632954340345","https://www.ambilet.ro/qfeel/?fbclid=IwZXh0bgNhZW0BMABhZGlkAasvQRGGjLlzcnRjBmFwcF9pZAo2NjI4NTY4Mzc5AAEeXQo5AjP2eGkGZpJaxiAKU4T9jUva5yiGTpoA4Yq5juhiO1Yj26OwY36IGtQ_aem_SL0Vaf-4AUi3ctJa76Sc1A&utm_medium=paid&utm_source=fb&utm_id=120239202811670345&utm_content=120241632954340345&utm_term=120239202811660345&utm_campaign=120239202811670345","https://www.ambilet.ro/qfeel/?fbclid=IwZXh0bgNhZW0BMABhZGlkAasvQRGGjLlzcnRjBmFwcF9pZAo2NjI4NTY4Mzc5AAEeXQo5AjP2eGkGZpJaxiAKU4T9jUva5yiGTpoA4Yq5juhiO1Yj26OwY36IGtQ_aem_SL0Vaf-4AUi3ctJa76Sc1A&utm_medium=paid&utm_source=fb&utm_id=120239202811670345&utm_content=120241632954340345&utm_term=120239202811660345&utm_campaign=120239202811670345","1","10","109.166.134.246","Mozilla/5.0 (iPhone; CPU iPhone OS 26_2 like Mac OS X) AppleWebKit/605.1.15 (KHTML, like Gecko) Mobile/23C55 Safari/604.1 [FBAN/FBIOS;FBAV/554.0.0.38.78;FBBV/917646558;FBDV/iPhone17,4;FBMD/iPhone;FBSN/iOS;FBSV/26.2;FBSS/3;FBID/phone;FBLC/ro_RO;FBOP/5;FBRV/926538160;IABMV/1]"
"855660","Mobile","utm","fb","paid","120242173371240345",NULL,"https://www.ambilet.ro/bilete/rapunzel-teatru-copii-qfeel-sala-luceafarul-785205/?fbclid=IwVERTSAQ9lGFleHRuA2FlbQEwAGFkaWQBqy-eoLPcqXNydGMGYXBwX2lkDDM1MDY4NTUzMTcyOAABHmR3Y2lIN2IArdbLYhMwawQCqCeiDs1luO0JMxApKLeAdIaY6x6OyeBzXgq4_aem_Hn7eRXsamiHfICS4hpc3CQ&utm_source=fb&utm_medium=paid&utm_campaign=120239202811670345&utm_term=120239202811650345&utm_content=120242173371240345&utm_id=120239202811670345&sfnsn=wa","1","3","82.79.237.13","Mozilla/5.0 (Linux; Android 10; K) AppleWebKit/537.36 (KHTML, like Gecko) Chrome/146.0.0.0 Mobile Safari/537.36"
"855795","Mobile","utm","fb","paid","120241632982010345",NULL,"https://www.ambilet.ro/bilete/rapunzel-teatru-copii-qfeel-sala-luceafarul-785205/?fbclid=IwVERTSAQ9pZRleHRuA2FlbQEwAGFkaWQBqy9BEcKESXNydGMGYXBwX2lkDDM1MDY4NTUzMTcyOAABHh3WmEQSbuXrus0VWQUf66_3Mc87A6AHX9LqZ6Mh1tozbKKSXzR8PhWJgjUD_aem_eY5XkelUdGmL8H-upbuH5g&utm_source=fb&utm_medium=paid&utm_campaign=120239202811670345&utm_term=120241632981940345&utm_content=120241632982010345&utm_id=120239202811670345&sfnsn=wa","1","4","213.233.108.92","Mozilla/5.0 (Linux; Android 10; K) AppleWebKit/537.36 (KHTML, like Gecko) Chrome/146.0.0.0 Mobile Safari/537.36"
"855892","Mobile","utm","fb","paid","120241632954340345","http://m.facebook.com/","https://www.ambilet.ro/qfeel/?fbclid=IwZXh0bgNhZW0BMABhZGlkAasvQRGGjLlzcnRjBmFwcF9pZAwzNTA2ODU1MzE3MjgAAR4Tyx0KxcImSlUlMOfAad1O0JQce2E_Xw4DQvAkjGzZQTzhUQO9JNMocvmf7g_aem_UhxavWCJa-lhLx2EjONsIw&utm_medium=paid&utm_source=fb&utm_id=120239202811670345&utm_content=120241632954340345&utm_term=120239202811660345&utm_campaign=120239202811670345","1","9","5.2.206.178","Mozilla/5.0 (Linux; Android 16; SM-A556B Build/BP2A.250605.031.A3; wv) AppleWebKit/537.36 (KHTML, like Gecko) Version/4.0 Chrome/146.0.7680.168 Mobile Safari/537.36 [FB_IAB/FB4A;FBAV/554.0.0.57.70;IABMV/1;]"
"855929","Mobile","utm","fb","paid","120241101680400345","https://www.ambilet.ro/qfeel/?fbclid=IwYW9zYgQd9kxleHRuA2FlbQEwAGFkaWQBqy6lG3XbWXNydGMGYXBwX2lkDDM1MDY4NTUzMTcyOAABHkNVY3wMJ_Ga-bdFEEoNfzYEXKzpErmUGNiNVt1Mg1oCsiHOKBq3OVxV3ARn_aem__4B86ixGuv2MYgNSaauGig&utm_medium=paid&utm_source=fb&utm_id=120241101570740345&utm_content=120241101680400345&utm_term=120241101570850345&utm_campaign=120241101570740345","https://www.ambilet.ro/qfeel/?fbclid=IwYW9zYgQd9kxleHRuA2FlbQEwAGFkaWQBqy6lG3XbWXNydGMGYXBwX2lkDDM1MDY4NTUzMTcyOAABHkNVY3wMJ_Ga-bdFEEoNfzYEXKzpErmUGNiNVt1Mg1oCsiHOKBq3OVxV3ARn_aem__4B86ixGuv2MYgNSaauGig&utm_medium=paid&utm_source=fb&utm_id=120241101570740345&utm_content=120241101680400345&utm_term=120241101570850345&utm_campaign=120241101570740345","1","11","2a02:2f0b:4309:cf00:ca44:bb58:b30b:e563","Mozilla/5.0 (Linux; Android 10; K) AppleWebKit/537.36 (KHTML, like Gecko) Chrome/146.0.0.0 Mobile Safari/537.36"
"856119","Mobile","organic","google","organic",NULL,"https://www.google.com/","https://www.ambilet.ro/copii/","1","11","2a02:2f00:2301:8900:c8ab:591:b0a3:da4d","Mozilla/5.0 (iPhone; CPU iPhone OS 18_7 like Mac OS X) AppleWebKit/605.1.15 (KHTML, like Gecko) Version/18.7.2 Mobile/15E148 Safari/604.1"
"856133","Mobile","utm","ig","paid","120241632954340345",NULL,"https://www.ambilet.ro/bilete/rapunzel-teatru-copii-qfeel-salaluceafarul-845570/?utm_source=ig&utm_medium=paid&utm_campaign=120239202811670345&utm_term=120239202811660345&utm_content=120241632954340345&utm_id=120239202811670345&fbclid=PAdGRzdgQ-RTZleHRuA2FlbQEwAGFkaWQBqy9BEYaMuXNydGMGYXBwX2lkDzU2NzA2NzM0MzM1MjQyNwABpwkpcN9IF5Ybd4ynB3_4xFyH1XLXOs6C-CQRpoUwQDx9yYh6Uy-TVj7zwNpO_aem_fVh1cEFXWm9Jbb6h-cQsmQ","1","9","46.97.176.23","Mozilla/5.0 (Linux; Android 10; K) AppleWebKit/537.36 (KHTML, like Gecko) Chrome/146.0.0.0 Mobile Safari/537.36"
"856149","Mobile","typein","(direct)",NULL,NULL,NULL,"https://www.ambilet.ro/","1","5","213.233.108.3","Mozilla/5.0 (iPhone; CPU iPhone OS 26_4_0 like Mac OS X) AppleWebKit/605.1.15 (KHTML, like Gecko) CriOS/147.0.7727.22 Mobile/15E148 Safari/604.1"
"856227","Mobile","typein","(direct)",NULL,NULL,"https://www.ambilet.ro/bilete/rapunzel-teatru-copii-qfeel-salaluceafarul-845570/","https://www.ambilet.ro/bilete/rapunzel-teatru-copii-qfeel-salaluceafarul-845570/","1","27","2a09:bac3:504e:1f5::32:af","Mozilla/5.0 (iPhone; CPU iPhone OS 18_6_2 like Mac OS X) AppleWebKit/605.1.15 (KHTML, like Gecko) Version/18.6 Mobile/15E148 Safari/604.1"
"856275","Mobile","typein","(direct)",NULL,NULL,"https://www.ambilet.ro/bilete/rapunzel-teatru-copii-qfeel-sala-luceafarul-785205/","https://www.ambilet.ro/bilete/rapunzel-teatru-copii-qfeel-sala-luceafarul-785205/","1","3","2a02:2f00:910b:2400:6994:867:87f5:54a7","Mozilla/5.0 (iPhone; CPU iPhone OS 26_3_1 like Mac OS X) AppleWebKit/605.1.15 (KHTML, like Gecko) CriOS/146.0.7680.151 Mobile/15E148 Safari/604.1"
"856302","Mobile","utm","ig","paid","120241632954340345",NULL,"https://www.ambilet.ro/bilete/rapunzel-teatru-copii-qfeel-salaluceafarul-845570/?utm_source=ig&utm_medium=paid&utm_campaign=120239202811670345&utm_term=120239202811660345&utm_content=120241632954340345&utm_id=120239202811670345&fbclid=PAdGRzdgQ-RTZleHRuA2FlbQEwAGFkaWQBqy9BEYaMuXNydGMGYXBwX2lkDzU2NzA2NzM0MzM1MjQyNwABpwkpcN9IF5Ybd4ynB3_4xFyH1XLXOs6C-CQRpoUwQDx9yYh6Uy-TVj7zwNpO_aem_fVh1cEFXWm9Jbb6h-cQsmQ","2","31","193.25.110.70","Mozilla/5.0 (Linux; Android 10; K) AppleWebKit/537.36 (KHTML, like Gecko) SamsungBrowser/29.0 Chrome/136.0.0.0 Mobile Safari/537.36"
"856417","Mobile","utm","fb","paid","120241632391420345","https://www.ambilet.ro/qfeel/?fbclid=IwY2xjawRAOo5leHRuA2FlbQEwAGFkaWQBqy9BEuUyWXNydGMGYXBwX2lkDzQwOTk2MjYyMzA4NTYwOQABHtPDsiai8eQJ_KOyQxvVJr8f8CTB77UvwxGaFlNc18-K34nO2cXXQp_hW-Ow_aem_ShNEW9N3rI49tVMxZRBbqA&utm_medium=paid&utm_source=fb&utm_id=120241631993130345&utm_content=120241632391420345&utm_term=120241631993210345&utm_campaign=120241631993130345","https://www.ambilet.ro/qfeel/?fbclid=IwY2xjawRAOo5leHRuA2FlbQEwAGFkaWQBqy9BEuUyWXNydGMGYXBwX2lkDzQwOTk2MjYyMzA4NTYwOQABHtPDsiai8eQJ_KOyQxvVJr8f8CTB77UvwxGaFlNc18-K34nO2cXXQp_hW-Ow_aem_ShNEW9N3rI49tVMxZRBbqA&utm_medium=paid&utm_source=fb&utm_id=120241631993130345&utm_content=120241632391420345&utm_term=120241631993210345&utm_campaign=120241631993130345","1","19","2a02:26f7:dcc8:4bc0:0:8000::","Mozilla/5.0 (iPhone; CPU iPhone OS 18_6_2 like Mac OS X) AppleWebKit/605.1.15 (KHTML, like Gecko) Version/18.6 Mobile/15E148 Safari/604.1"
"856563","Mobile","utm","fb","paid","120242174751140345","http://m.facebook.com/","https://www.ambilet.ro/qfeel/?fbclid=IwZXh0bgNhZW0BMABhZGlkAasvnvIFlJlzcnRjBmFwcF9pZAwzNTA2ODU1MzE3MjgAAR4sjsQYhXhZoHxnwqyBi0Yn5n49ru0eFSFnCVXhjCBXy-aBIkH8_i7PMWox6w_aem_7TcJT1z1N34URGeKnagi5Q&utm_medium=paid&utm_source=fb&utm_id=120242174655120345&utm_content=120242174751140345&utm_term=120242174655210345&utm_campaign=120242174655120345","3","3","213.233.104.88","Mozilla/5.0 (Linux; Android 16; SM-A546B Build/BP2A.250605.031.A3; wv) AppleWebKit/537.36 (KHTML, like Gecko) Version/4.0 Chrome/146.0.7680.168 Mobile Safari/537.36 [FB_IAB/FB4A;FBAV/554.0.0.57.70;IABMV/1;]"
"856861","Mobile","utm","fb","paid","120241632982010345","http://m.facebook.com/","https://www.ambilet.ro/qfeel/?fbclid=IwZXh0bgNhZW0BMABhZGlkAasvwrPuAGlzcnRjBmFwcF9pZAwzNTA2ODU1MzE3MjgAAR7_SRGOe36kBJBG_jx2TfWqOLPvn0EsUhgbuW3_OcA6QjV8MVPB3IFvnfEOVQ_aem_uoXcehhE3HxikHdF-ET-UA&utm_medium=paid&utm_source=fb&utm_id=120239202811670345&utm_content=120241632982010345&utm_term=120241632981940345&utm_campaign=120239202811670345","8","14","81.196.217.82","Mozilla/5.0 (Linux; Android 12; DCO-LX9 Build/HUAWEIDCO-L29; wv) AppleWebKit/537.36 (KHTML, like Gecko) Version/4.0 Chrome/114.0.5735.196 Mobile Safari/537.36 [FB_IAB/FB4A;FBAV/495.0.0.45.201;]"
"856972","Mobile","utm","ig","paid","120241632982010345",NULL,"https://www.ambilet.ro/qfeel/?utm_medium=paid&utm_source=ig&utm_id=120239202811670345&utm_content=120241632982010345&utm_term=120241632981940345&utm_campaign=120239202811670345&fbclid=PAZXh0bgNhZW0BMABhZGlkAasvQRHChElzcnRjBmFwcF9pZA8xMjQwMjQ1NzQyODc0MTQAAaedIgzlOPyFTHZJHPpJBuZb3xRYcSsPQ3FvgSsR8VPmHaOUb7ks__SuYkkjDQ_aem_oxpd6UFOKzll8HCRQaxLWw","1","9","2a02:2f0f:a104:9f00:5823:13b2:b398:63d8","Mozilla/5.0 (iPhone; CPU iPhone OS 18_7 like Mac OS X) AppleWebKit/605.1.15 (KHTML, like Gecko) Version/26.3 Mobile/15E148 Safari/604.1"
"857047","Desktop","referral","l.facebook.com","referral","/","https://l.facebook.com/","https://www.ambilet.ro/trupa-qfeel/?fbclid=IwY2xjawRBgohleHRuA2FlbQIxMABicmlkETFWNDZTTjg5VjZDaXJaTTBuc3J0YwZhcHBfaWQQMjIyMDM5MTc4ODIwMDg5MgABHt6nSTHahHilxPZlHVwAJmyuJi1Guj_Vvnoj5gR4DUcYUVLTmv12bAhNzNZI_aem_W01QpbMW1c-WhD9OUEdLgA","1","8","82.78.203.87","Mozilla/5.0 (Windows NT 10.0; Win64; x64) AppleWebKit/537.36 (KHTML, like Gecko) Chrome/146.0.0.0 Safari/537.36"
"857276","Desktop","typein","(direct)",NULL,NULL,NULL,"https://www.ambilet.ro/qfeelploiesti/","2","15","2a02:2f04:1df:fe00:9cec:87b9:79d2:21fb","Mozilla/5.0 (Windows NT 10.0; Win64; x64) AppleWebKit/537.36 (KHTML, like Gecko) Chrome/146.0.0.0 Safari/537.36"
"857386","Mobile","typein","(direct)",NULL,NULL,"https://www.ambilet.ro/copii/","https://www.ambilet.ro/bilete/rapunzel-teatru-copii-qfeel-sala-luceafarul-785205/","1","3","2a02:2f05:d402:4e00:dd08:6ec9:279c:fd7d","Mozilla/5.0 (iPhone; CPU iPhone OS 18_7 like Mac OS X) AppleWebKit/605.1.15 (KHTML, like Gecko) Version/26.4 Mobile/15E148 Safari/604.1"
"857506","Mobile","typein","(direct)",NULL,NULL,NULL,"https://www.ambilet.ro/bilete/rapunzel-teatru-copii-qfeel-sala-luceafarul-785205/","1","3","2a09:bac2:5045:137::1f:45","Mozilla/5.0 (iPhone; CPU iPhone OS 18_7 like Mac OS X) AppleWebKit/605.1.15 (KHTML, like Gecko) Version/26.3 Mobile/15E148 Safari/604.1"
"857549","Mobile","utm","fb","paid","120241632982010345","https://www.ambilet.ro/qfeel/?fbclid=IwZXh0bgNhZW0BMABhZGlkAasvwrPuAGlzcnRjBmFwcF9pZAo2NjI4NTY4Mzc5AAEebaTLexm-ybMPj4qgbztOxeOV5TxLkyiq2BbLCUmNmMOzQBnhY9SPNdyL3kw_aem__Q-2bZ5FODFaa_a7w-CWNg&utm_medium=paid&utm_source=fb&utm_id=120239202811670345&utm_content=120241632982010345&utm_term=120241632981940345&utm_campaign=120239202811670345","https://www.ambilet.ro/qfeel/?fbclid=IwZXh0bgNhZW0BMABhZGlkAasvwrPuAGlzcnRjBmFwcF9pZAo2NjI4NTY4Mzc5AAEebaTLexm-ybMPj4qgbztOxeOV5TxLkyiq2BbLCUmNmMOzQBnhY9SPNdyL3kw_aem__Q-2bZ5FODFaa_a7w-CWNg&utm_medium=paid&utm_source=fb&utm_id=120239202811670345&utm_content=120241632982010345&utm_term=120241632981940345&utm_campaign=120239202811670345","1","12","86.125.26.158","Mozilla/5.0 (iPhone; CPU iPhone OS 26_3_1 like Mac OS X) AppleWebKit/605.1.15 (KHTML, like Gecko) Mobile/23D8133 Safari/604.1 [FBAN/FBIOS;FBAV/554.0.0.38.78;FBBV/917646558;FBDV/iPhone12,1;FBMD/iPhone;FBSN/iOS;FBSV/26.3.1;FBSS/2;FBID/phone;FBLC/ro_RO;FBOP/5;FBRV/927649838;IABMV/1]"
"857604","Desktop","referral","salaluceafarul.ro","referral","/","https://salaluceafarul.ro/","https://www.ambilet.ro/bilete/rapunzel-qfeel-sala-luceafarul-846191/","1","10","188.25.12.192","Mozilla/5.0 (Windows NT 10.0; Win64; x64) AppleWebKit/537.36 (KHTML, like Gecko) Chrome/146.0.0.0 Safari/537.36"
"857730","Mobile","typein","(direct)",NULL,NULL,"https://www.ambilet.ro/cart/","https://www.ambilet.ro/checkout/","1","1","86.125.26.158","Mozilla/5.0 (iPhone; CPU iPhone OS 18_7 like Mac OS X) AppleWebKit/605.1.15 (KHTML, like Gecko) Version/26.3 Mobile/15E148 Safari/604.1"
"857882","Mobile","referral","salaluceafarul.ro","referral","/","https://salaluceafarul.ro/","https://www.ambilet.ro/bilete/rapunzel-teatru-copii-qfeel-salaluceafarul-845570/","1","4","2a02:2f0b:4314:df00:c478:b935:6e15:9a32","Mozilla/5.0 (iPhone; CPU iPhone OS 26_4_0 like Mac OS X) AppleWebKit/605.1.15 (KHTML, like Gecko) CriOS/146.0.7680.151 Mobile/15E148 Safari/604.1"
"858018","Desktop","utm","fb","paid","120241632391410345",NULL,"https://www.ambilet.ro/bilete/rapunzel-teatru-copii-qfeel-sala-luceafarul-785205/?fbclid=IwVERTSAREMGBleHRuA2FlbQEwAGFkaWQBqy9BEuOruXNydGMGYXBwX2lkDDM1MDY4NTUzMTcyOAABHgW6ApdhNfBwbaO5wG39bUZmtV-DmVy7_SDJdCRsUbxrJipncYQt5AtJfbeP_aem_JWrjO9Z0vZI-yAwbvv0nYA&utm_source=fb&utm_medium=paid&utm_campaign=120241631993130345&utm_term=120241631993120345&utm_content=120241632391410345&utm_id=120241631993130345&sfnsn=wa","1","5","109.166.129.82","Mozilla/5.0 (Windows NT 10.0; Win64; x64; rv:149.0) Gecko/20100101 Firefox/149.0"
"858049","Mobile","utm","fb","paid","120241632954210345","http://m.facebook.com/","https://www.ambilet.ro/qfeel/?fbclid=IwZXh0bgNhZW0BMABhZGlkAasvIwGVkclzcnRjBmFwcF9pZAwzNTA2ODU1MzE3MjgAAR7Do4zkhX8v0pxNWcnw0tAOGcKRLTgEU7SsB4pgWb_DQi0OCgzxkM7av-Dhfg_aem__kQGnZA52MF5RtJewtqFKg&utm_medium=paid&utm_source=fb&utm_id=120239202811670345&utm_content=120241632954210345&utm_term=120239202811650345&utm_campaign=120239202811670345","2","12","185.53.196.69","Mozilla/5.0 (Linux; Android 16; SM-S901B Build/BP2A.250605.031.A3) AppleWebKit/537.36 (KHTML, like Gecko) Version/4.0 Chrome/146.0.7680.174 Mobile Safari/537.36 [FB_IAB/FB4A;FBAV/555.0.0.49.59;IABMV/1;]"
"858362","Mobile","referral","salaluceafarul.ro","referral","/","https://salaluceafarul.ro/","https://www.ambilet.ro/bilete/rapunzel-teatru-copii-qfeel-sala-luceafarul-785205/","1","3","86.121.12.175","Mozilla/5.0 (Linux; Android 10; K) AppleWebKit/537.36 (KHTML, like Gecko) Chrome/147.0.0.0 Mobile Safari/537.36"
"858503","Mobile","utm","fb","paid","120241632954210345","http://m.facebook.com/","https://www.ambilet.ro/qfeel/?fbclid=IwZXh0bgNhZW0BMABhZGlkAasvIwGVkclzcnRjBmFwcF9pZAwzNTA2ODU1MzE3MjgAAR70-VddLO3_2x4rEd8uvA9p8Hja8LEriGXF-LLiyUSInUt8v8o1dgtXQe3mSA_aem_AKsf-VewHGKIxQUQJRw7GA&utm_medium=paid&utm_source=fb&utm_id=120239202811670345&utm_content=120241632954210345&utm_term=120239202811650345&utm_campaign=120239202811670345","2","4","188.27.154.134","Mozilla/5.0 (Linux; Android 16; SM-S918B Build/BP2A.250605.031.A3; wv) AppleWebKit/537.36 (KHTML, like Gecko) Version/4.0 Chrome/146.0.7680.174 Mobile Safari/537.36 [FB_IAB/FB4A;FBAV/555.0.0.49.59;IABMV/1;]"
"858541","Mobile","referral","salaluceafarul.ro","referral","/","https://salaluceafarul.ro/","https://www.ambilet.ro/bilete/rapunzel-teatru-copii-qfeel-sala-luceafarul-785205/","1","3","81.196.218.148","Mozilla/5.0 (Linux; Android 10; K) AppleWebKit/537.36 (KHTML, like Gecko) Chrome/146.0.0.0 Mobile Safari/537.36"
"858783","Mobile","referral","salaluceafarul.ro","referral","/","https://salaluceafarul.ro/","https://www.ambilet.ro/bilete/rapunzel-teatru-copii-qfeel-sala-luceafarul-785205/","1","3","82.76.47.105","Mozilla/5.0 (iPhone; CPU iPhone OS 26_3_1 like Mac OS X) AppleWebKit/605.1.15 (KHTML, like Gecko) CriOS/147.0.7727.47 Mobile/15E148 Safari/604.1"
"858878","Mobile","utm","fb","paid","120241632954340345","http://m.facebook.com/","https://www.ambilet.ro/qfeel/?fbclid=IwZXh0bgNhZW0BMABhZGlkAasvQRGGjLlzcnRjBmFwcF9pZAo2NjI4NTY4Mzc5AAEesZHSskWFC4l7mI8-kExB96QKfgR_VfFsoZkjfUrHI6FPG33bUjx5TiEK04o_aem_4-jBoRqsS9vudLflwR8cWw&utm_medium=paid&utm_source=fb&utm_id=120239202811670345&utm_content=120241632954340345&utm_term=120239202811660345&utm_campaign=120239202811670345","1","4","188.25.12.192","Mozilla/5.0 (iPhone; CPU iPhone OS 26_3_1 like Mac OS X) AppleWebKit/605.1.15 (KHTML, like Gecko) Mobile/23D8133 Safari/604.1 [FBAN/FBIOS;FBAV/555.0.0.36.63;FBBV/923840166;FBDV/iPhone15,4;FBMD/iPhone;FBSN/iOS;FBSV/26.3.1;FBSS/3;FBID/phone;FBLC/ro_RO;FBOP/5;FBRV/935658928;IABMV/1]"
"859055","Mobile","utm","fb","paid","120241632954340345","http://m.facebook.com/","https://www.ambilet.ro/qfeel/?fbclid=IwZXh0bgNhZW0BMABhZGlkAasvQRGGjLlzcnRjBmFwcF9pZAwzNTA2ODU1MzE3MjgAAR7sd1eWgLKtEX8PBWq6woXn_CpXhBa8WsvTESfr_xpyEWFQgNXFwl0sCHWFQQ_aem_zcFUmdLlU8tTuTWvXC9nOQ&utm_medium=paid&utm_source=fb&utm_id=120239202811670345&utm_content=120241632954340345&utm_term=120239202811660345&utm_campaign=120239202811670345","10","7","86.124.41.17","Mozilla/5.0 (Linux; Android 16; LGN-NX1 Build/HONORLGN-N31S; wv) AppleWebKit/537.36 (KHTML, like Gecko) Version/4.0 Chrome/146.0.7680.177 Mobile Safari/537.36 [FB_IAB/FB4A;FBAV/543.0.0.55.73;IABMV/1;]"
"859064","Mobile","utm","fb","paid","120241632954210345","http://m.facebook.com/","https://www.ambilet.ro/qfeel/?fbclid=IwZXh0bgNhZW0BMABhZGlkAasvIwGVkclzcnRjBmFwcF9pZAwzNTA2ODU1MzE3MjgAAR5jHbEYnu2r_KmtIj0i_kU5MR1w7RfZBEHsFP391XRN9zPdAWlJri8AvtCdRg_aem_-Bp1kQOkPRJ4BX3eOwLqMA&utm_medium=paid&utm_source=fb&utm_id=120239202811670345&utm_content=120241632954210345&utm_term=120239202811650345&utm_campaign=120239202811670345","4","12","213.233.88.123","Mozilla/5.0 (Linux; Android 16; SM-S928B Build/BP2A.250605.031.A3; wv) AppleWebKit/537.36 (KHTML, like Gecko) Version/4.0 Chrome/146.0.7680.174 Mobile Safari/537.36 [FB_IAB/FB4A;FBAV/555.0.0.49.59;IABMV/1;]"
"859087","Mobile","utm","fb","paid","120242492640280345",NULL,"https://www.ambilet.ro/bilete/rapunzel-teatru-copii-qfeel-salaluceafarul-845570/?fbclid=IwVERTSARGvMpleHRuA2FlbQEwAGFkaWQBqy_o-Cy_KXNydGMGYXBwX2lkDDM1MDY4NTUzMTcyOAABHptud1RqMMLrjznd65PeaSdtCnJXVRiZGU2mLvp4hCl93ldupu70kGSGyxLi_aem_at9y8mA2GiHHyW8Nqcb_AQ&utm_source=fb&utm_medium=paid&utm_campaign=120239294126280345&utm_term=120239294126410345&utm_content=120242492640280345&utm_id=120239294126280345&sfnsn=wa","1","15","86.124.164.105","Mozilla/5.0 (Linux; Android 10; K) AppleWebKit/537.36 (KHTML, like Gecko) Chrome/146.0.0.0 Mobile Safari/537.36"
"859311","Mobile","utm","fb","paid","120241632982010345","http://m.facebook.com/","https://www.ambilet.ro/qfeel/?fbclid=IwZXh0bgNhZW0BMABhZGlkAasvwrPuAGlzcnRjBmFwcF9pZAo2NjI4NTY4Mzc5AAEeALjZeKcABnOvDheSrMzANJHooKsKup3fpe2P4Ual-Y0p-fzLARuzaYCeS8Y_aem_vukX72jnoH3c3Delklgdtg&utm_medium=paid&utm_source=fb&utm_id=120239202811670345&utm_content=120241632982010345&utm_term=120241632981940345&utm_campaign=120239202811670345","1","8","95.77.194.213","Mozilla/5.0 (iPhone; CPU iPhone OS 26_3_1 like Mac OS X) AppleWebKit/605.1.15 (KHTML, like Gecko) Mobile/23D8133 Safari/604.1 [FBAN/FBIOS;FBAV/555.0.0.36.63;FBBV/923840166;FBDV/iPhone14,3;FBMD/iPhone;FBSN/iOS;FBSV/26.3.1;FBSS/3;FBID/phone;FBLC/ro_RO;FBOP/5;FBRV/936836730;IABMV/1]"
"859330","Mobile","utm","ig","paid","120242492640280345","https://www.ambilet.ro/qfeel/?utm_medium=paid&utm_source=ig&utm_id=120239294126280345&utm_content=120242492640280345&utm_term=120239294126410345&utm_campaign=120239294126280345&fbclid=PAYW9leARJExNleHRuA2FlbQEwAGFkaWQBqy_o-Cy_KXNydGMGYXBwX2lkDzU2NzA2NzM0MzM1MjQyNwABp_bOdXND27Vz3JZcbvZYfvpU5Ao39a1lvokhzuzw7nrTYO6rtbQq_CgdQRWV_aem_vAoCHQSTvNnpA9WEOgkx1Q","https://www.ambilet.ro/qfeel/?utm_medium=paid&utm_source=ig&utm_id=120239294126280345&utm_content=120242492640280345&utm_term=120239294126410345&utm_campaign=120239294126280345&fbclid=PAYW9leARJExNleHRuA2FlbQEwAGFkaWQBqy_o-Cy_KXNydGMGYXBwX2lkDzU2NzA2NzM0MzM1MjQyNwABp_bOdXND27Vz3JZcbvZYfvpU5Ao39a1lvokhzuzw7nrTYO6rtbQq_CgdQRWV_aem_vAoCHQSTvNnpA9WEOgkx1Q","1","9","2a02:2f04:4209:2700:e81c:7b65:f380:80ac","Mozilla/5.0 (Linux; Android 10; K) AppleWebKit/537.36 (KHTML, like Gecko) SamsungBrowser/29.0 Chrome/136.0.0.0 Mobile Safari/537.36"
"859354","Mobile","utm","fb","paid","120241632954210345","http://m.facebook.com/","https://www.ambilet.ro/qfeel/?fbclid=IwZXh0bgNhZW0BMABhZGlkAasvIwGVkclzcnRjBmFwcF9pZAwzNTA2ODU1MzE3MjgAAR7PIkBPWtq7Dj4tDGulH0Zu5qcjc-21P-r36qX7wpe7DpDw8UGiu8XAhA2VAA_aem_Mjn0e68ceesEYBaRwVDp0w&utm_medium=paid&utm_source=fb&utm_id=120239202811670345&utm_content=120241632954210345&utm_term=120239202811650345&utm_campaign=120239202811670345","5","4","81.196.30.232","Mozilla/5.0 (Linux; Android 16; SM-S911B Build/BP2A.250605.031.A3; wv) AppleWebKit/537.36 (KHTML, like Gecko) Version/4.0 Chrome/147.0.7727.86 Mobile Safari/537.36 [FB_IAB/FB4A;FBAV/556.0.0.60.64;IABMV/1;]"
"859371","Mobile","typein","(direct)",NULL,NULL,"https://www.ambilet.ro/qfeel/","https://www.ambilet.ro/bilete/rapunzel-teatru-copii-qfeel-sala-luceafarul-785205/","1","7","185.53.199.210","Mozilla/5.0 (Linux; Android 10; K) AppleWebKit/537.36 (KHTML, like Gecko) Chrome/146.0.0.0 Mobile Safari/537.36"
"859429","Desktop","organic","google","organic",NULL,"https://www.google.com/","https://www.ambilet.ro/qfeel/","2","14","84.117.11.42","Mozilla/5.0 (Windows NT 10.0; Win64; x64) AppleWebKit/537.36 (KHTML, like Gecko) Chrome/147.0.0.0 Safari/537.36"
"859451","Mobile","typein","(direct)",NULL,NULL,NULL,"https://www.ambilet.ro/qfeel/","1","8","2a02:26f7:dcc4:4bc0:0:2000:0:a","Mozilla/5.0 (iPhone; CPU iPhone OS 18_7 like Mac OS X) AppleWebKit/605.1.15 (KHTML, like Gecko) Version/26.3 Mobile/15E148 Safari/604.1"
"859456","Desktop","organic","google","organic",NULL,"https://www.google.com/","https://www.ambilet.ro/qfeel/","3","4","84.117.11.42","Mozilla/5.0 (Windows NT 10.0; Win64; x64) AppleWebKit/537.36 (KHTML, like Gecko) Chrome/147.0.0.0 Safari/537.36"
"859662","Mobile","referral","salaluceafarul.ro","referral","/","https://salaluceafarul.ro/","https://www.ambilet.ro/bilete/rapunzel-teatru-copii-qfeel-salaluceafarul-845570/","1","4","86.124.40.46","Mozilla/5.0 (iPhone; CPU iPhone OS 26_2_1 like Mac OS X) AppleWebKit/605.1.15 (KHTML, like Gecko) GSA/407.0.866017435 Mobile/15E148 Safari/604.1"
"859837","Mobile","typein","(direct)",NULL,NULL,"https://www.ambilet.ro/bilete/rapunzel-teatru-copii-qfeel-sala-luceafarul-785205/","https://www.ambilet.ro/bilete/rapunzel-teatru-copii-qfeel-sala-luceafarul-785205/","1","3","178.138.33.203","Mozilla/5.0 (Linux; Android 10; K) AppleWebKit/537.36 (KHTML, like Gecko) Chrome/146.0.0.0 Mobile Safari/537.36"
"860086","Mobile","utm","fb","paid","120241632982010345","http://m.facebook.com/","https://www.ambilet.ro/qfeel/?fbclid=IwZXh0bgNhZW0BMABhZGlkAasvwrPuAGlzcnRjBmFwcF9pZAwzNTA2ODU1MzE3MjgAAR73-_Q6zIjlydBpWx2Dlp7g_CflJmySC1w2NJhynesKWTAUbiT5NsyuoQVemQ_aem_nTGJtndux7i8OxMlEp5m9A&utm_medium=paid&utm_source=fb&utm_id=120239202811670345&utm_content=120241632982010345&utm_term=120241632981940345&utm_campaign=120239202811670345","12","12","2a02:2f02:707:b600:8265:56ef:10ae:78c5","Mozilla/5.0 (Linux; Android 16; SM-S911B Build/BP2A.250605.031.A3; wv) AppleWebKit/537.36 (KHTML, like Gecko) Version/4.0 Chrome/147.0.7727.86 Mobile Safari/537.36 [FB_IAB/FB4A;FBAV/556.0.0.60.64;IABMV/1;]"
"860220","Mobile","utm","ig","paid","120241632982010345","https://instagram.com/","https://www.ambilet.ro/qfeel/?utm_medium=paid&utm_source=ig&utm_id=120239202811670345&utm_content=120241632982010345&utm_term=120241632981940345&utm_campaign=120239202811670345&fbclid=PAZXh0bgNhZW0BMABhZGlkAasvwrPuAGlzcnRjBmFwcF9pZA8xMjQwMjQ1NzQyODc0MTQAAaf_IgP8bek_P__lRZo7ZqbD6owos5XYGWh3HmhnD1Xy_DLh2pmJF1dmS8OEQQ_aem_Z0vpwSyNMfr5cYyM9nteug","1","4","109.166.132.113","Mozilla/5.0 (iPhone; CPU iPhone OS 26_3_1 like Mac OS X) AppleWebKit/605.1.15 (KHTML, like Gecko) Mobile/23D8133 Instagram 425.0.0.32.59 (iPhone16,1; iOS 26_3_1; ro_RO; ro; scale=3.00; 1179x2556; IABMV/1; 936842409) Safari/604.1"
"860258","Mobile","utm","fb","paid","120242492640280345","http://m.facebook.com/","https://www.ambilet.ro/qfeel/?fbclid=IwZXh0bgNhZW0BMABhZGlkAasv6PgsvylzcnRjBmFwcF9pZAwzNTA2ODU1MzE3MjgAAR791BpkGiwSrATNZfndfyhsTCF8PyTxanR90DKq2eVgP6rS9MGo7fPbUcMqnA_aem_BbCQalZkEQL3X3aW4Lar3A&utm_medium=paid&utm_source=fb&utm_id=120239294126280345&utm_content=120242492640280345&utm_term=120239294126410345&utm_campaign=120239294126280345","1","4","86.127.93.144","Mozilla/5.0 (Linux; Android 16; motorola edge 60 pro Build/W1VVS36H.7-108-8-3; wv) AppleWebKit/537.36 (KHTML, like Gecko) Version/4.0 Chrome/147.0.7727.86 Mobile Safari/537.36 [FB_IAB/FB4A;FBAV/556.0.0.60.64;IABMV/1;]"
"860263","Mobile","utm","fb","paid","120241632954210345","http://m.facebook.com/","https://www.ambilet.ro/qfeel/?fbclid=IwZXh0bgNhZW0BMABhZGlkAasvIwGVkclzcnRjBmFwcF9pZAwzNTA2ODU1MzE3MjgAAR7Plo_v5mCh4OpENLe7hp5kM-aUF9l4z4BfRjpW0ncGQl9ifvC4Jdg9W5Nqpg_aem_LloYA48qhm1sBpMsWhu-_Q&utm_medium=paid&utm_source=fb&utm_id=120239202811670345&utm_content=120241632954210345&utm_term=120239202811650345&utm_campaign=120239202811670345","5","5","213.233.108.18","Mozilla/5.0 (Linux; Android 16; SM-A566B Build/BP2A.250605.031.A3; wv) AppleWebKit/537.36 (KHTML, like Gecko) Version/4.0 Chrome/147.0.7727.86 Mobile Safari/537.36 [FB_IAB/FB4A;FBAV/556.1.0.63.64;IABMV/1;]"
"860275","Mobile","utm","ig","paid","120241632391420345","https://www.ambilet.ro/qfeel/?utm_medium=paid&utm_source=ig&utm_id=120241631993130345&utm_content=120241632391420345&utm_term=120241631993210345&utm_campaign=120241631993130345&fbclid=PAYW9leARKO-BleHRuA2FlbQEwAGFkaWQBqy9BEuUyWXNydGMGYXBwX2lkDzU2NzA2NzM0MzM1MjQyNwABp3XhtuC5qosC2ZvjPFByX4M_rcRw99B_rb3zSkb6AYI1u0mgjzgJoCw83NxL_aem_xgmY4_h9IsLzdK1TxMNkmQ","https://www.ambilet.ro/qfeel/?utm_medium=paid&utm_source=ig&utm_id=120241631993130345&utm_content=120241632391420345&utm_term=120241631993210345&utm_campaign=120241631993130345&fbclid=PAYW9leARKO-BleHRuA2FlbQEwAGFkaWQBqy9BEuUyWXNydGMGYXBwX2lkDzU2NzA2NzM0MzM1MjQyNwABp3XhtuC5qosC2ZvjPFByX4M_rcRw99B_rb3zSkb6AYI1u0mgjzgJoCw83NxL_aem_xgmY4_h9IsLzdK1TxMNkmQ","4","7","213.233.108.229","Mozilla/5.0 (Linux; Android 10; K) AppleWebKit/537.36 (KHTML, like Gecko) Chrome/146.0.0.0 Mobile Safari/537.36"
